<annotation>
	<folder>dataset 2.0</folder>
	<filename>luceBlu1.jpg</filename>
	<path>C:\Users\lucas\Desktop\dataset 2.0\luceBlu1.jpg</path>
	<source>
		<database>Unknown</database>
	</source>
	<size>
		<width>1600</width>
		<height>1200</height>
		<depth>3</depth>
	</size>
	<segmented>0</segmented>
	<object>
		<name>nera</name>
		<pose>Unspecified</pose>
		<truncated>0</truncated>
		<difficult>0</difficult>
		<bndbox>
			<xmin>207</xmin>
			<ymin>419</ymin>
			<xmax>578</xmax>
			<ymax>815</ymax>
		</bndbox>
	</object>
	<object>
		<name>nera</name>
		<pose>Unspecified</pose>
		<truncated>0</truncated>
		<difficult>0</difficult>
		<bndbox>
			<xmin>545</xmin>
			<ymin>332</ymin>
			<xmax>717</xmax>
			<ymax>512</ymax>
		</bndbox>
	</object>
	<object>
		<name>bianca</name>
		<pose>Unspecified</pose>
		<truncated>0</truncated>
		<difficult>0</difficult>
		<bndbox>
			<xmin>1041</xmin>
			<ymin>319</ymin>
			<xmax>1218</xmax>
			<ymax>497</ymax>
		</bndbox>
	</object>
	<object>
		<name>bianca</name>
		<pose>Unspecified</pose>
		<truncated>0</truncated>
		<difficult>0</difficult>
		<bndbox>
			<xmin>1205</xmin>
			<ymin>319</ymin>
			<xmax>1304</xmax>
			<ymax>411</ymax>
		</bndbox>
	</object>
</annotation>
