<annotation>
	<folder>dataset 2.0</folder>
	<filename>new101.jpg</filename>
	<path>C:\Users\lucas\Desktop\dataset 2.0\new101.jpg</path>
	<source>
		<database>Unknown</database>
	</source>
	<size>
		<width>1600</width>
		<height>1200</height>
		<depth>3</depth>
	</size>
	<segmented>0</segmented>
	<object>
		<name>nera</name>
		<pose>Unspecified</pose>
		<truncated>0</truncated>
		<difficult>0</difficult>
		<bndbox>
			<xmin>908</xmin>
			<ymin>212</ymin>
			<xmax>1282</xmax>
			<ymax>628</ymax>
		</bndbox>
	</object>
	<object>
		<name>bianca</name>
		<pose>Unspecified</pose>
		<truncated>1</truncated>
		<difficult>0</difficult>
		<bndbox>
			<xmin>1378</xmin>
			<ymin>221</ymin>
			<xmax>1600</xmax>
			<ymax>477</ymax>
		</bndbox>
	</object>
</annotation>
