<annotation>
	<folder>dataset 2.0</folder>
	<filename>new3.jpg</filename>
	<path>C:\Users\lucas\Desktop\dataset 2.0\new3.jpg</path>
	<source>
		<database>Unknown</database>
	</source>
	<size>
		<width>1600</width>
		<height>1200</height>
		<depth>3</depth>
	</size>
	<segmented>0</segmented>
	<object>
		<name>nera</name>
		<pose>Unspecified</pose>
		<truncated>0</truncated>
		<difficult>0</difficult>
		<bndbox>
			<xmin>603</xmin>
			<ymin>184</ymin>
			<xmax>821</xmax>
			<ymax>394</ymax>
		</bndbox>
	</object>
	<object>
		<name>bianca</name>
		<pose>Unspecified</pose>
		<truncated>0</truncated>
		<difficult>0</difficult>
		<bndbox>
			<xmin>931</xmin>
			<ymin>153</ymin>
			<xmax>1049</xmax>
			<ymax>271</ymax>
		</bndbox>
	</object>
</annotation>
