<annotation>
	<folder>dataset 2.0</folder>
	<filename>stanzaBianca4.jpg</filename>
	<path>C:\Users\lucas\Desktop\dataset 2.0\stanzaBianca4.jpg</path>
	<source>
		<database>Unknown</database>
	</source>
	<size>
		<width>1600</width>
		<height>1200</height>
		<depth>3</depth>
	</size>
	<segmented>0</segmented>
	<object>
		<name>nera</name>
		<pose>Unspecified</pose>
		<truncated>0</truncated>
		<difficult>0</difficult>
		<bndbox>
			<xmin>82</xmin>
			<ymin>190</ymin>
			<xmax>279</xmax>
			<ymax>412</ymax>
		</bndbox>
	</object>
	<object>
		<name>nera</name>
		<pose>Unspecified</pose>
		<truncated>0</truncated>
		<difficult>0</difficult>
		<bndbox>
			<xmin>669</xmin>
			<ymin>34</ymin>
			<xmax>795</xmax>
			<ymax>152</ymax>
		</bndbox>
	</object>
	<object>
		<name>bianca</name>
		<pose>Unspecified</pose>
		<truncated>0</truncated>
		<difficult>0</difficult>
		<bndbox>
			<xmin>437</xmin>
			<ymin>87</ymin>
			<xmax>718</xmax>
			<ymax>388</ymax>
		</bndbox>
	</object>
	<object>
		<name>bianca</name>
		<pose>Unspecified</pose>
		<truncated>0</truncated>
		<difficult>0</difficult>
		<bndbox>
			<xmin>906</xmin>
			<ymin>31</ymin>
			<xmax>1102</xmax>
			<ymax>212</ymax>
		</bndbox>
	</object>
</annotation>
