<annotation>
	<folder>dataset 2.0</folder>
	<filename>stanzaBianca18.jpg</filename>
	<path>C:\Users\lucas\Desktop\dataset 2.0\stanzaBianca18.jpg</path>
	<source>
		<database>Unknown</database>
	</source>
	<size>
		<width>1600</width>
		<height>1200</height>
		<depth>3</depth>
	</size>
	<segmented>0</segmented>
	<object>
		<name>nera</name>
		<pose>Unspecified</pose>
		<truncated>0</truncated>
		<difficult>0</difficult>
		<bndbox>
			<xmin>1155</xmin>
			<ymin>58</ymin>
			<xmax>1280</xmax>
			<ymax>183</ymax>
		</bndbox>
	</object>
	<object>
		<name>nera</name>
		<pose>Unspecified</pose>
		<truncated>0</truncated>
		<difficult>1</difficult>
		<bndbox>
			<xmin>631</xmin>
			<ymin>50</ymin>
			<xmax>760</xmax>
			<ymax>179</ymax>
		</bndbox>
	</object>
	<object>
		<name>bianca</name>
		<pose>Unspecified</pose>
		<truncated>0</truncated>
		<difficult>0</difficult>
		<bndbox>
			<xmin>1158</xmin>
			<ymin>104</ymin>
			<xmax>1417</xmax>
			<ymax>363</ymax>
		</bndbox>
	</object>
	<object>
		<name>bianca</name>
		<pose>Unspecified</pose>
		<truncated>0</truncated>
		<difficult>0</difficult>
		<bndbox>
			<xmin>291</xmin>
			<ymin>142</ymin>
			<xmax>828</xmax>
			<ymax>679</ymax>
		</bndbox>
	</object>
</annotation>
