<annotation>
	<folder>dataset 2.0</folder>
	<filename>stanzaBiancaOmbre14.jpg</filename>
	<path>C:\Users\lucas\Desktop\dataset 2.0\stanzaBiancaOmbre14.jpg</path>
	<source>
		<database>Unknown</database>
	</source>
	<size>
		<width>1600</width>
		<height>1200</height>
		<depth>3</depth>
	</size>
	<segmented>0</segmented>
	<object>
		<name>bianca</name>
		<pose>Unspecified</pose>
		<truncated>0</truncated>
		<difficult>0</difficult>
		<bndbox>
			<xmin>120</xmin>
			<ymin>377</ymin>
			<xmax>446</xmax>
			<ymax>703</ymax>
		</bndbox>
	</object>
	<object>
		<name>nera</name>
		<pose>Unspecified</pose>
		<truncated>0</truncated>
		<difficult>0</difficult>
		<bndbox>
			<xmin>815</xmin>
			<ymin>319</ymin>
			<xmax>1032</xmax>
			<ymax>536</ymax>
		</bndbox>
	</object>
	<object>
		<name>bianca</name>
		<pose>Unspecified</pose>
		<truncated>1</truncated>
		<difficult>1</difficult>
		<bndbox>
			<xmin>1461</xmin>
			<ymin>395</ymin>
			<xmax>1600</xmax>
			<ymax>678</ymax>
		</bndbox>
	</object>
</annotation>
