<annotation>
	<folder>dataset 2.0</folder>
	<filename>stanzaBianca22.jpg</filename>
	<path>C:\Users\lucas\Desktop\dataset 2.0\stanzaBianca22.jpg</path>
	<source>
		<database>Unknown</database>
	</source>
	<size>
		<width>1600</width>
		<height>1200</height>
		<depth>3</depth>
	</size>
	<segmented>0</segmented>
	<object>
		<name>bianca</name>
		<pose>Unspecified</pose>
		<truncated>0</truncated>
		<difficult>1</difficult>
		<bndbox>
			<xmin>380</xmin>
			<ymin>83</ymin>
			<xmax>709</xmax>
			<ymax>365</ymax>
		</bndbox>
	</object>
	<object>
		<name>bianca</name>
		<pose>Unspecified</pose>
		<truncated>0</truncated>
		<difficult>0</difficult>
		<bndbox>
			<xmin>136</xmin>
			<ymin>205</ymin>
			<xmax>735</xmax>
			<ymax>819</ymax>
		</bndbox>
	</object>
	<object>
		<name>nera</name>
		<pose>Unspecified</pose>
		<truncated>1</truncated>
		<difficult>0</difficult>
		<bndbox>
			<xmin>1269</xmin>
			<ymin>164</ymin>
			<xmax>1600</xmax>
			<ymax>586</ymax>
		</bndbox>
	</object>
</annotation>
