<annotation>
	<folder>dataset 2.0</folder>
	<filename>luceBlu4.jpg</filename>
	<path>C:\Users\lucas\Desktop\dataset 2.0\luceBlu4.jpg</path>
	<source>
		<database>Unknown</database>
	</source>
	<size>
		<width>1600</width>
		<height>1200</height>
		<depth>3</depth>
	</size>
	<segmented>0</segmented>
	<object>
		<name>nera</name>
		<pose>Unspecified</pose>
		<truncated>0</truncated>
		<difficult>0</difficult>
		<bndbox>
			<xmin>271</xmin>
			<ymin>286</ymin>
			<xmax>413</xmax>
			<ymax>428</ymax>
		</bndbox>
	</object>
	<object>
		<name>nera</name>
		<pose>Unspecified</pose>
		<truncated>0</truncated>
		<difficult>0</difficult>
		<bndbox>
			<xmin>384</xmin>
			<ymin>259</ymin>
			<xmax>479</xmax>
			<ymax>360</ymax>
		</bndbox>
	</object>
	<object>
		<name>bianca</name>
		<pose>Unspecified</pose>
		<truncated>0</truncated>
		<difficult>0</difficult>
		<bndbox>
			<xmin>670</xmin>
			<ymin>219</ymin>
			<xmax>773</xmax>
			<ymax>330</ymax>
		</bndbox>
	</object>
	<object>
		<name>bianca</name>
		<pose>Unspecified</pose>
		<truncated>0</truncated>
		<difficult>0</difficult>
		<bndbox>
			<xmin>832</xmin>
			<ymin>215</ymin>
			<xmax>911</xmax>
			<ymax>287</ymax>
		</bndbox>
	</object>
</annotation>
