<annotation>
	<folder>dataset 2.0</folder>
	<filename>luceBlu2.jpg</filename>
	<path>C:\Users\lucas\Desktop\dataset 2.0\luceBlu2.jpg</path>
	<source>
		<database>Unknown</database>
	</source>
	<size>
		<width>1600</width>
		<height>1200</height>
		<depth>3</depth>
	</size>
	<segmented>0</segmented>
	<object>
		<name>nera</name>
		<pose>Unspecified</pose>
		<truncated>0</truncated>
		<difficult>0</difficult>
		<bndbox>
			<xmin>212</xmin>
			<ymin>428</ymin>
			<xmax>587</xmax>
			<ymax>833</ymax>
		</bndbox>
	</object>
	<object>
		<name>nera</name>
		<pose>Unspecified</pose>
		<truncated>0</truncated>
		<difficult>0</difficult>
		<bndbox>
			<xmin>543</xmin>
			<ymin>341</ymin>
			<xmax>727</xmax>
			<ymax>525</ymax>
		</bndbox>
	</object>
	<object>
		<name>bianca</name>
		<pose>Unspecified</pose>
		<truncated>0</truncated>
		<difficult>0</difficult>
		<bndbox>
			<xmin>1043</xmin>
			<ymin>319</ymin>
			<xmax>1223</xmax>
			<ymax>496</ymax>
		</bndbox>
	</object>
	<object>
		<name>bianca</name>
		<pose>Unspecified</pose>
		<truncated>0</truncated>
		<difficult>0</difficult>
		<bndbox>
			<xmin>1217</xmin>
			<ymin>318</ymin>
			<xmax>1311</xmax>
			<ymax>422</ymax>
		</bndbox>
	</object>
</annotation>
