<annotation>
	<folder>dataset 2.0</folder>
	<filename>luceBlu10.jpg</filename>
	<path>C:\Users\lucas\Desktop\dataset 2.0\luceBlu10.jpg</path>
	<source>
		<database>Unknown</database>
	</source>
	<size>
		<width>1600</width>
		<height>1200</height>
		<depth>3</depth>
	</size>
	<segmented>0</segmented>
	<object>
		<name>bianca</name>
		<pose>Unspecified</pose>
		<truncated>0</truncated>
		<difficult>0</difficult>
		<bndbox>
			<xmin>504</xmin>
			<ymin>335</ymin>
			<xmax>609</xmax>
			<ymax>436</ymax>
		</bndbox>
	</object>
	<object>
		<name>bianca</name>
		<pose>Unspecified</pose>
		<truncated>0</truncated>
		<difficult>0</difficult>
		<bndbox>
			<xmin>761</xmin>
			<ymin>315</ymin>
			<xmax>898</xmax>
			<ymax>451</ymax>
		</bndbox>
	</object>
	<object>
		<name>nera</name>
		<pose>Unspecified</pose>
		<truncated>0</truncated>
		<difficult>0</difficult>
		<bndbox>
			<xmin>712</xmin>
			<ymin>306</ymin>
			<xmax>801</xmax>
			<ymax>413</ymax>
		</bndbox>
	</object>
</annotation>
