<annotation>
	<folder>dataset 2.0</folder>
	<filename>luceBlu11.jpg</filename>
	<path>C:\Users\lucas\Desktop\dataset 2.0\luceBlu11.jpg</path>
	<source>
		<database>Unknown</database>
	</source>
	<size>
		<width>1600</width>
		<height>1200</height>
		<depth>3</depth>
	</size>
	<segmented>0</segmented>
	<object>
		<name>bianca</name>
		<pose>Unspecified</pose>
		<truncated>0</truncated>
		<difficult>0</difficult>
		<bndbox>
			<xmin>198</xmin>
			<ymin>402</ymin>
			<xmax>513</xmax>
			<ymax>711</ymax>
		</bndbox>
	</object>
	<object>
		<name>bianca</name>
		<pose>Unspecified</pose>
		<truncated>0</truncated>
		<difficult>0</difficult>
		<bndbox>
			<xmin>584</xmin>
			<ymin>331</ymin>
			<xmax>746</xmax>
			<ymax>494</ymax>
		</bndbox>
	</object>
	<object>
		<name>nera</name>
		<pose>Unspecified</pose>
		<truncated>0</truncated>
		<difficult>0</difficult>
		<bndbox>
			<xmin>793</xmin>
			<ymin>340</ymin>
			<xmax>1021</xmax>
			<ymax>566</ymax>
		</bndbox>
	</object>
	<object>
		<name>nera</name>
		<pose>Unspecified</pose>
		<truncated>0</truncated>
		<difficult>0</difficult>
		<bndbox>
			<xmin>1146</xmin>
			<ymin>352</ymin>
			<xmax>1361</xmax>
			<ymax>565</ymax>
		</bndbox>
	</object>
</annotation>
