<annotation>
	<folder>dataset 2.0</folder>
	<filename>new102.jpg</filename>
	<path>C:\Users\lucas\Desktop\dataset 2.0\new102.jpg</path>
	<source>
		<database>Unknown</database>
	</source>
	<size>
		<width>1600</width>
		<height>1200</height>
		<depth>3</depth>
	</size>
	<segmented>0</segmented>
	<object>
		<name>bianca</name>
		<pose>Unspecified</pose>
		<truncated>0</truncated>
		<difficult>0</difficult>
		<bndbox>
			<xmin>118</xmin>
			<ymin>286</ymin>
			<xmax>306</xmax>
			<ymax>502</ymax>
		</bndbox>
	</object>
	<object>
		<name>bianca</name>
		<pose>Unspecified</pose>
		<truncated>0</truncated>
		<difficult>0</difficult>
		<bndbox>
			<xmin>1078</xmin>
			<ymin>155</ymin>
			<xmax>1250</xmax>
			<ymax>319</ymax>
		</bndbox>
	</object>
</annotation>
