<annotation>
	<folder>dataset 2.0</folder>
	<filename>new13.jpg</filename>
	<path>C:\Users\lucas\Desktop\dataset 2.0\new13.jpg</path>
	<source>
		<database>Unknown</database>
	</source>
	<size>
		<width>1600</width>
		<height>1200</height>
		<depth>3</depth>
	</size>
	<segmented>0</segmented>
	<object>
		<name>bianca</name>
		<pose>Unspecified</pose>
		<truncated>0</truncated>
		<difficult>0</difficult>
		<bndbox>
			<xmin>372</xmin>
			<ymin>201</ymin>
			<xmax>547</xmax>
			<ymax>362</ymax>
		</bndbox>
	</object>
	<object>
		<name>bianca</name>
		<pose>Unspecified</pose>
		<truncated>0</truncated>
		<difficult>0</difficult>
		<bndbox>
			<xmin>751</xmin>
			<ymin>141</ymin>
			<xmax>851</xmax>
			<ymax>227</ymax>
		</bndbox>
	</object>
</annotation>
