<annotation>
	<folder>dataset 2.0</folder>
	<filename>new16.jpg</filename>
	<path>C:\Users\lucas\Desktop\dataset 2.0\new16.jpg</path>
	<source>
		<database>Unknown</database>
	</source>
	<size>
		<width>1600</width>
		<height>1200</height>
		<depth>3</depth>
	</size>
	<segmented>0</segmented>
	<object>
		<name>nera</name>
		<pose>Unspecified</pose>
		<truncated>0</truncated>
		<difficult>0</difficult>
		<bndbox>
			<xmin>561</xmin>
			<ymin>210</ymin>
			<xmax>899</xmax>
			<ymax>547</ymax>
		</bndbox>
	</object>
	<object>
		<name>bianca</name>
		<pose>Unspecified</pose>
		<truncated>0</truncated>
		<difficult>0</difficult>
		<bndbox>
			<xmin>299</xmin>
			<ymin>205</ymin>
			<xmax>451</xmax>
			<ymax>370</ymax>
		</bndbox>
	</object>
</annotation>
