<annotation>
	<folder>dataset 2.0</folder>
	<filename>new27.jpg</filename>
	<path>C:\Users\lucas\Desktop\dataset 2.0\new27.jpg</path>
	<source>
		<database>Unknown</database>
	</source>
	<size>
		<width>1600</width>
		<height>1200</height>
		<depth>3</depth>
	</size>
	<segmented>0</segmented>
	<object>
		<name>bianca</name>
		<pose>Unspecified</pose>
		<truncated>0</truncated>
		<difficult>0</difficult>
		<bndbox>
			<xmin>286</xmin>
			<ymin>214</ymin>
			<xmax>377</xmax>
			<ymax>314</ymax>
		</bndbox>
	</object>
	<object>
		<name>bianca</name>
		<pose>Unspecified</pose>
		<truncated>0</truncated>
		<difficult>0</difficult>
		<bndbox>
			<xmin>494</xmin>
			<ymin>169</ymin>
			<xmax>600</xmax>
			<ymax>270</ymax>
		</bndbox>
	</object>
	<object>
		<name>nera</name>
		<pose>Unspecified</pose>
		<truncated>0</truncated>
		<difficult>0</difficult>
		<bndbox>
			<xmin>863</xmin>
			<ymin>142</ymin>
			<xmax>954</xmax>
			<ymax>230</ymax>
		</bndbox>
	</object>
</annotation>
