<annotation>
	<folder>dataset 2.0</folder>
	<filename>new22.jpg</filename>
	<path>C:\Users\lucas\Desktop\dataset 2.0\new22.jpg</path>
	<source>
		<database>Unknown</database>
	</source>
	<size>
		<width>1600</width>
		<height>1200</height>
		<depth>3</depth>
	</size>
	<segmented>0</segmented>
	<object>
		<name>nera</name>
		<pose>Unspecified</pose>
		<truncated>0</truncated>
		<difficult>0</difficult>
		<bndbox>
			<xmin>502</xmin>
			<ymin>188</ymin>
			<xmax>589</xmax>
			<ymax>279</ymax>
		</bndbox>
	</object>
	<object>
		<name>bianca</name>
		<pose>Unspecified</pose>
		<truncated>0</truncated>
		<difficult>0</difficult>
		<bndbox>
			<xmin>605</xmin>
			<ymin>164</ymin>
			<xmax>654</xmax>
			<ymax>213</ymax>
		</bndbox>
	</object>
	<object>
		<name>bianca</name>
		<pose>Unspecified</pose>
		<truncated>0</truncated>
		<difficult>0</difficult>
		<bndbox>
			<xmin>850</xmin>
			<ymin>143</ymin>
			<xmax>916</xmax>
			<ymax>204</ymax>
		</bndbox>
	</object>
</annotation>
