<annotation>
	<folder>dataset 2.0</folder>
	<filename>new28.jpg</filename>
	<path>C:\Users\lucas\Desktop\dataset 2.0\new28.jpg</path>
	<source>
		<database>Unknown</database>
	</source>
	<size>
		<width>1600</width>
		<height>1200</height>
		<depth>3</depth>
	</size>
	<segmented>0</segmented>
	<object>
		<name>bianca</name>
		<pose>Unspecified</pose>
		<truncated>0</truncated>
		<difficult>0</difficult>
		<bndbox>
			<xmin>495</xmin>
			<ymin>179</ymin>
			<xmax>610</xmax>
			<ymax>290</ymax>
		</bndbox>
	</object>
	<object>
		<name>bianca</name>
		<pose>Unspecified</pose>
		<truncated>1</truncated>
		<difficult>0</difficult>
		<bndbox>
			<xmin>1510</xmin>
			<ymin>233</ymin>
			<xmax>1600</xmax>
			<ymax>379</ymax>
		</bndbox>
	</object>
</annotation>
