<annotation>
	<folder>dataset 2.0</folder>
	<filename>new26.jpg</filename>
	<path>C:\Users\lucas\Desktop\dataset 2.0\new26.jpg</path>
	<source>
		<database>Unknown</database>
	</source>
	<size>
		<width>1600</width>
		<height>1200</height>
		<depth>3</depth>
	</size>
	<segmented>0</segmented>
	<object>
		<name>bianca</name>
		<pose>Unspecified</pose>
		<truncated>0</truncated>
		<difficult>0</difficult>
		<bndbox>
			<xmin>844</xmin>
			<ymin>139</ymin>
			<xmax>953</xmax>
			<ymax>245</ymax>
		</bndbox>
	</object>
	<object>
		<name>bianca</name>
		<pose>Unspecified</pose>
		<truncated>0</truncated>
		<difficult>0</difficult>
		<bndbox>
			<xmin>1172</xmin>
			<ymin>153</ymin>
			<xmax>1280</xmax>
			<ymax>260</ymax>
		</bndbox>
	</object>
	<object>
		<name>nera</name>
		<pose>Unspecified</pose>
		<truncated>1</truncated>
		<difficult>0</difficult>
		<bndbox>
			<xmin>1542</xmin>
			<ymin>245</ymin>
			<xmax>1600</xmax>
			<ymax>410</ymax>
		</bndbox>
	</object>
</annotation>
