<annotation>
	<folder>dataset 2.0</folder>
	<filename>new23.jpg</filename>
	<path>C:\Users\lucas\Desktop\dataset 2.0\new23.jpg</path>
	<source>
		<database>Unknown</database>
	</source>
	<size>
		<width>1600</width>
		<height>1200</height>
		<depth>3</depth>
	</size>
	<segmented>0</segmented>
	<object>
		<name>bianca</name>
		<pose>Unspecified</pose>
		<truncated>0</truncated>
		<difficult>0</difficult>
		<bndbox>
			<xmin>483</xmin>
			<ymin>184</ymin>
			<xmax>579</xmax>
			<ymax>278</ymax>
		</bndbox>
	</object>
	<object>
		<name>bianca</name>
		<pose>Unspecified</pose>
		<truncated>0</truncated>
		<difficult>0</difficult>
		<bndbox>
			<xmin>977</xmin>
			<ymin>153</ymin>
			<xmax>1142</xmax>
			<ymax>312</ymax>
		</bndbox>
	</object>
</annotation>
