<annotation>
	<folder>dataset 2.0</folder>
	<filename>new2.jpg</filename>
	<path>C:\Users\lucas\Desktop\dataset 2.0\new2.jpg</path>
	<source>
		<database>Unknown</database>
	</source>
	<size>
		<width>1600</width>
		<height>1200</height>
		<depth>3</depth>
	</size>
	<segmented>0</segmented>
	<object>
		<name>nera</name>
		<pose>Unspecified</pose>
		<truncated>0</truncated>
		<difficult>0</difficult>
		<bndbox>
			<xmin>658</xmin>
			<ymin>195</ymin>
			<xmax>910</xmax>
			<ymax>451</ymax>
		</bndbox>
	</object>
	<object>
		<name>bianca</name>
		<pose>Unspecified</pose>
		<truncated>0</truncated>
		<difficult>0</difficult>
		<bndbox>
			<xmin>1077</xmin>
			<ymin>199</ymin>
			<xmax>1329</xmax>
			<ymax>453</ymax>
		</bndbox>
	</object>
	<object>
		<name>bianca</name>
		<pose>Unspecified</pose>
		<truncated>0</truncated>
		<difficult>0</difficult>
		<bndbox>
			<xmin>975</xmin>
			<ymin>152</ymin>
			<xmax>1122</xmax>
			<ymax>300</ymax>
		</bndbox>
	</object>
</annotation>
