<annotation>
	<folder>dataset 2.0</folder>
	<filename>new25.jpg</filename>
	<path>C:\Users\lucas\Desktop\dataset 2.0\new25.jpg</path>
	<source>
		<database>Unknown</database>
	</source>
	<size>
		<width>1600</width>
		<height>1200</height>
		<depth>3</depth>
	</size>
	<segmented>0</segmented>
	<object>
		<name>bianca</name>
		<pose>Unspecified</pose>
		<truncated>0</truncated>
		<difficult>0</difficult>
		<bndbox>
			<xmin>606</xmin>
			<ymin>183</ymin>
			<xmax>867</xmax>
			<ymax>436</ymax>
		</bndbox>
	</object>
	<object>
		<name>bianca</name>
		<pose>Unspecified</pose>
		<truncated>1</truncated>
		<difficult>0</difficult>
		<bndbox>
			<xmin>1</xmin>
			<ymin>336</ymin>
			<xmax>86</xmax>
			<ymax>468</ymax>
		</bndbox>
	</object>
</annotation>
