<annotation>
	<folder>dataset 2.0</folder>
	<filename>new30.jpg</filename>
	<path>C:\Users\lucas\Desktop\dataset 2.0\new30.jpg</path>
	<source>
		<database>Unknown</database>
	</source>
	<size>
		<width>1600</width>
		<height>1200</height>
		<depth>3</depth>
	</size>
	<segmented>0</segmented>
	<object>
		<name>bianca</name>
		<pose>Unspecified</pose>
		<truncated>0</truncated>
		<difficult>0</difficult>
		<bndbox>
			<xmin>622</xmin>
			<ymin>179</ymin>
			<xmax>844</xmax>
			<ymax>386</ymax>
		</bndbox>
	</object>
	<object>
		<name>bianca</name>
		<pose>Unspecified</pose>
		<truncated>0</truncated>
		<difficult>0</difficult>
		<bndbox>
			<xmin>1204</xmin>
			<ymin>205</ymin>
			<xmax>1449</xmax>
			<ymax>456</ymax>
		</bndbox>
	</object>
</annotation>
