<annotation>
	<folder>dataset 2.0</folder>
	<filename>new46.jpg</filename>
	<path>C:\Users\lucas\Desktop\dataset 2.0\new46.jpg</path>
	<source>
		<database>Unknown</database>
	</source>
	<size>
		<width>1600</width>
		<height>1200</height>
		<depth>3</depth>
	</size>
	<segmented>0</segmented>
	<object>
		<name>nera</name>
		<pose>Unspecified</pose>
		<truncated>0</truncated>
		<difficult>0</difficult>
		<bndbox>
			<xmin>146</xmin>
			<ymin>318</ymin>
			<xmax>596</xmax>
			<ymax>779</ymax>
		</bndbox>
	</object>
	<object>
		<name>bianca</name>
		<pose>Unspecified</pose>
		<truncated>0</truncated>
		<difficult>0</difficult>
		<bndbox>
			<xmin>123</xmin>
			<ymin>286</ymin>
			<xmax>350</xmax>
			<ymax>549</ymax>
		</bndbox>
	</object>
</annotation>
