<annotation>
	<folder>dataset 2.0</folder>
	<filename>new41.jpg</filename>
	<path>C:\Users\lucas\Desktop\dataset 2.0\new41.jpg</path>
	<source>
		<database>Unknown</database>
	</source>
	<size>
		<width>1600</width>
		<height>1200</height>
		<depth>3</depth>
	</size>
	<segmented>0</segmented>
	<object>
		<name>nera</name>
		<pose>Unspecified</pose>
		<truncated>0</truncated>
		<difficult>0</difficult>
		<bndbox>
			<xmin>81</xmin>
			<ymin>324</ymin>
			<xmax>437</xmax>
			<ymax>711</ymax>
		</bndbox>
	</object>
	<object>
		<name>bianca</name>
		<pose>Unspecified</pose>
		<truncated>0</truncated>
		<difficult>0</difficult>
		<bndbox>
			<xmin>1094</xmin>
			<ymin>202</ymin>
			<xmax>1386</xmax>
			<ymax>519</ymax>
		</bndbox>
	</object>
</annotation>
