<annotation>
	<folder>dataset 2.0</folder>
	<filename>new48.jpg</filename>
	<path>C:\Users\lucas\Desktop\dataset 2.0\new48.jpg</path>
	<source>
		<database>Unknown</database>
	</source>
	<size>
		<width>1600</width>
		<height>1200</height>
		<depth>3</depth>
	</size>
	<segmented>0</segmented>
	<object>
		<name>bianca</name>
		<pose>Unspecified</pose>
		<truncated>0</truncated>
		<difficult>0</difficult>
		<bndbox>
			<xmin>1141</xmin>
			<ymin>185</ymin>
			<xmax>1371</xmax>
			<ymax>412</ymax>
		</bndbox>
	</object>
	<object>
		<name>nera</name>
		<pose>Unspecified</pose>
		<truncated>0</truncated>
		<difficult>0</difficult>
		<bndbox>
			<xmin>938</xmin>
			<ymin>151</ymin>
			<xmax>1066</xmax>
			<ymax>273</ymax>
		</bndbox>
	</object>
	<object>
		<name>nera</name>
		<pose>Unspecified</pose>
		<truncated>0</truncated>
		<difficult>0</difficult>
		<bndbox>
			<xmin>483</xmin>
			<ymin>182</ymin>
			<xmax>600</xmax>
			<ymax>304</ymax>
		</bndbox>
	</object>
	<object>
		<name>bianca</name>
		<pose>Unspecified</pose>
		<truncated>0</truncated>
		<difficult>0</difficult>
		<bndbox>
			<xmin>77</xmin>
			<ymin>293</ymin>
			<xmax>155</xmax>
			<ymax>382</ymax>
		</bndbox>
	</object>
</annotation>
