<annotation>
	<folder>dataset 2.0</folder>
	<filename>new47.jpg</filename>
	<path>C:\Users\lucas\Desktop\dataset 2.0\new47.jpg</path>
	<source>
		<database>Unknown</database>
	</source>
	<size>
		<width>1600</width>
		<height>1200</height>
		<depth>3</depth>
	</size>
	<segmented>0</segmented>
	<object>
		<name>nera</name>
		<pose>Unspecified</pose>
		<truncated>0</truncated>
		<difficult>0</difficult>
		<bndbox>
			<xmin>693</xmin>
			<ymin>153</ymin>
			<xmax>800</xmax>
			<ymax>256</ymax>
		</bndbox>
	</object>
	<object>
		<name>bianca</name>
		<pose>Unspecified</pose>
		<truncated>0</truncated>
		<difficult>0</difficult>
		<bndbox>
			<xmin>79</xmin>
			<ymin>287</ymin>
			<xmax>146</xmax>
			<ymax>362</ymax>
		</bndbox>
	</object>
</annotation>
