<annotation>
	<folder>dataset 2.0</folder>
	<filename>new59.jpg</filename>
	<path>C:\Users\lucas\Desktop\dataset 2.0\new59.jpg</path>
	<source>
		<database>Unknown</database>
	</source>
	<size>
		<width>1600</width>
		<height>1200</height>
		<depth>3</depth>
	</size>
	<segmented>0</segmented>
	<object>
		<name>nera</name>
		<pose>Unspecified</pose>
		<truncated>0</truncated>
		<difficult>0</difficult>
		<bndbox>
			<xmin>239</xmin>
			<ymin>241</ymin>
			<xmax>364</xmax>
			<ymax>369</ymax>
		</bndbox>
	</object>
	<object>
		<name>bianca</name>
		<pose>Unspecified</pose>
		<truncated>0</truncated>
		<difficult>0</difficult>
		<bndbox>
			<xmin>1170</xmin>
			<ymin>157</ymin>
			<xmax>1278</xmax>
			<ymax>268</ymax>
		</bndbox>
	</object>
	<object>
		<name>bianca</name>
		<pose>Unspecified</pose>
		<truncated>0</truncated>
		<difficult>0</difficult>
		<bndbox>
			<xmin>788</xmin>
			<ymin>133</ymin>
			<xmax>851</xmax>
			<ymax>192</ymax>
		</bndbox>
	</object>
</annotation>
