<annotation>
	<folder>dataset 2.0</folder>
	<filename>new51.jpg</filename>
	<path>C:\Users\lucas\Desktop\dataset 2.0\new51.jpg</path>
	<source>
		<database>Unknown</database>
	</source>
	<size>
		<width>1600</width>
		<height>1200</height>
		<depth>3</depth>
	</size>
	<segmented>0</segmented>
	<object>
		<name>bianca</name>
		<pose>Unspecified</pose>
		<truncated>0</truncated>
		<difficult>0</difficult>
		<bndbox>
			<xmin>558</xmin>
			<ymin>176</ymin>
			<xmax>690</xmax>
			<ymax>304</ymax>
		</bndbox>
	</object>
	<object>
		<name>nera</name>
		<pose>Unspecified</pose>
		<truncated>0</truncated>
		<difficult>0</difficult>
		<bndbox>
			<xmin>1011</xmin>
			<ymin>161</ymin>
			<xmax>1166</xmax>
			<ymax>323</ymax>
		</bndbox>
	</object>
	<object>
		<name>nera</name>
		<pose>Unspecified</pose>
		<truncated>0</truncated>
		<difficult>0</difficult>
		<bndbox>
			<xmin>1460</xmin>
			<ymin>224</ymin>
			<xmax>1577</xmax>
			<ymax>352</ymax>
		</bndbox>
	</object>
</annotation>
