<annotation>
	<folder>dataset 2.0</folder>
	<filename>new57.jpg</filename>
	<path>C:\Users\lucas\Desktop\dataset 2.0\new57.jpg</path>
	<source>
		<database>Unknown</database>
	</source>
	<size>
		<width>1600</width>
		<height>1200</height>
		<depth>3</depth>
	</size>
	<segmented>0</segmented>
	<object>
		<name>bianca</name>
		<pose>Unspecified</pose>
		<truncated>0</truncated>
		<difficult>0</difficult>
		<bndbox>
			<xmin>64</xmin>
			<ymin>301</ymin>
			<xmax>261</xmax>
			<ymax>526</ymax>
		</bndbox>
	</object>
	<object>
		<name>nera</name>
		<pose>Unspecified</pose>
		<truncated>0</truncated>
		<difficult>0</difficult>
		<bndbox>
			<xmin>773</xmin>
			<ymin>200</ymin>
			<xmax>1058</xmax>
			<ymax>524</ymax>
		</bndbox>
	</object>
	<object>
		<name>bianca</name>
		<pose>Unspecified</pose>
		<truncated>1</truncated>
		<difficult>0</difficult>
		<bndbox>
			<xmin>1280</xmin>
			<ymin>248</ymin>
			<xmax>1600</xmax>
			<ymax>596</ymax>
		</bndbox>
	</object>
</annotation>
