<annotation>
	<folder>dataset 2.0</folder>
	<filename>new5.jpg</filename>
	<path>C:\Users\lucas\Desktop\dataset 2.0\new5.jpg</path>
	<source>
		<database>Unknown</database>
	</source>
	<size>
		<width>1600</width>
		<height>1200</height>
		<depth>3</depth>
	</size>
	<segmented>0</segmented>
	<object>
		<name>bianca</name>
		<pose>Unspecified</pose>
		<truncated>0</truncated>
		<difficult>0</difficult>
		<bndbox>
			<xmin>1335</xmin>
			<ymin>194</ymin>
			<xmax>1467</xmax>
			<ymax>340</ymax>
		</bndbox>
	</object>
	<object>
		<name>bianca</name>
		<pose>Unspecified</pose>
		<truncated>0</truncated>
		<difficult>0</difficult>
		<bndbox>
			<xmin>553</xmin>
			<ymin>171</ymin>
			<xmax>681</xmax>
			<ymax>301</ymax>
		</bndbox>
	</object>
	<object>
		<name>nera</name>
		<pose>Unspecified</pose>
		<truncated>0</truncated>
		<difficult>0</difficult>
		<bndbox>
			<xmin>986</xmin>
			<ymin>149</ymin>
			<xmax>1074</xmax>
			<ymax>247</ymax>
		</bndbox>
	</object>
</annotation>
