<annotation>
	<folder>dataset 2.0</folder>
	<filename>new68.jpg</filename>
	<path>C:\Users\lucas\Desktop\dataset 2.0\new68.jpg</path>
	<source>
		<database>Unknown</database>
	</source>
	<size>
		<width>1600</width>
		<height>1200</height>
		<depth>3</depth>
	</size>
	<segmented>0</segmented>
	<object>
		<name>bianca</name>
		<pose>Unspecified</pose>
		<truncated>0</truncated>
		<difficult>0</difficult>
		<bndbox>
			<xmin>486</xmin>
			<ymin>203</ymin>
			<xmax>721</xmax>
			<ymax>438</ymax>
		</bndbox>
	</object>
	<object>
		<name>nera</name>
		<pose>Unspecified</pose>
		<truncated>0</truncated>
		<difficult>0</difficult>
		<bndbox>
			<xmin>731</xmin>
			<ymin>149</ymin>
			<xmax>832</xmax>
			<ymax>250</ymax>
		</bndbox>
	</object>
	<object>
		<name>bianca</name>
		<pose>Unspecified</pose>
		<truncated>0</truncated>
		<difficult>0</difficult>
		<bndbox>
			<xmin>1094</xmin>
			<ymin>148</ymin>
			<xmax>1205</xmax>
			<ymax>259</ymax>
		</bndbox>
	</object>
	<object>
		<name>nera</name>
		<pose>Unspecified</pose>
		<truncated>0</truncated>
		<difficult>1</difficult>
		<bndbox>
			<xmin>1341</xmin>
			<ymin>189</ymin>
			<xmax>1458</xmax>
			<ymax>306</ymax>
		</bndbox>
	</object>
</annotation>
