<annotation>
	<folder>dataset 2.0</folder>
	<filename>new61.jpg</filename>
	<path>C:\Users\lucas\Desktop\dataset 2.0\new61.jpg</path>
	<source>
		<database>Unknown</database>
	</source>
	<size>
		<width>1600</width>
		<height>1200</height>
		<depth>3</depth>
	</size>
	<segmented>0</segmented>
	<object>
		<name>nera</name>
		<pose>Unspecified</pose>
		<truncated>0</truncated>
		<difficult>0</difficult>
		<bndbox>
			<xmin>285</xmin>
			<ymin>212</ymin>
			<xmax>410</xmax>
			<ymax>356</ymax>
		</bndbox>
	</object>
	<object>
		<name>bianca</name>
		<pose>Unspecified</pose>
		<truncated>0</truncated>
		<difficult>0</difficult>
		<bndbox>
			<xmin>1318</xmin>
			<ymin>182</ymin>
			<xmax>1450</xmax>
			<ymax>324</ymax>
		</bndbox>
	</object>
	<object>
		<name>bianca</name>
		<pose>Unspecified</pose>
		<truncated>0</truncated>
		<difficult>0</difficult>
		<bndbox>
			<xmin>988</xmin>
			<ymin>121</ymin>
			<xmax>1059</xmax>
			<ymax>190</ymax>
		</bndbox>
	</object>
	<object>
		<name>nera</name>
		<pose>Unspecified</pose>
		<truncated>0</truncated>
		<difficult>0</difficult>
		<bndbox>
			<xmin>743</xmin>
			<ymin>127</ymin>
			<xmax>810</xmax>
			<ymax>202</ymax>
		</bndbox>
	</object>
</annotation>
