<annotation>
	<folder>dataset 2.0</folder>
	<filename>new79.jpg</filename>
	<path>C:\Users\lucas\Desktop\dataset 2.0\new79.jpg</path>
	<source>
		<database>Unknown</database>
	</source>
	<size>
		<width>1600</width>
		<height>1200</height>
		<depth>3</depth>
	</size>
	<segmented>0</segmented>
	<object>
		<name>nera</name>
		<pose>Unspecified</pose>
		<truncated>0</truncated>
		<difficult>0</difficult>
		<bndbox>
			<xmin>972</xmin>
			<ymin>150</ymin>
			<xmax>1094</xmax>
			<ymax>272</ymax>
		</bndbox>
	</object>
</annotation>
