<annotation>
	<folder>dataset 2.0</folder>
	<filename>new7.jpg</filename>
	<path>C:\Users\lucas\Desktop\dataset 2.0\new7.jpg</path>
	<source>
		<database>Unknown</database>
	</source>
	<size>
		<width>1600</width>
		<height>1200</height>
		<depth>3</depth>
	</size>
	<segmented>0</segmented>
	<object>
		<name>bianca</name>
		<pose>Unspecified</pose>
		<truncated>0</truncated>
		<difficult>0</difficult>
		<bndbox>
			<xmin>685</xmin>
			<ymin>169</ymin>
			<xmax>901</xmax>
			<ymax>385</ymax>
		</bndbox>
	</object>
	<object>
		<name>nera</name>
		<pose>Unspecified</pose>
		<truncated>0</truncated>
		<difficult>0</difficult>
		<bndbox>
			<xmin>1035</xmin>
			<ymin>147</ymin>
			<xmax>1144</xmax>
			<ymax>256</ymax>
		</bndbox>
	</object>
	<object>
		<name>bianca</name>
		<pose>Unspecified</pose>
		<truncated>0</truncated>
		<difficult>0</difficult>
		<bndbox>
			<xmin>1379</xmin>
			<ymin>212</ymin>
			<xmax>1535</xmax>
			<ymax>368</ymax>
		</bndbox>
	</object>
</annotation>
