<annotation>
	<folder>dataset 2.0</folder>
	<filename>new73.jpg</filename>
	<path>C:\Users\lucas\Desktop\dataset 2.0\new73.jpg</path>
	<source>
		<database>Unknown</database>
	</source>
	<size>
		<width>1600</width>
		<height>1200</height>
		<depth>3</depth>
	</size>
	<segmented>0</segmented>
	<object>
		<name>nera</name>
		<pose>Unspecified</pose>
		<truncated>0</truncated>
		<difficult>0</difficult>
		<bndbox>
			<xmin>229</xmin>
			<ymin>264</ymin>
			<xmax>429</xmax>
			<ymax>464</ymax>
		</bndbox>
	</object>
	<object>
		<name>bianca</name>
		<pose>Unspecified</pose>
		<truncated>0</truncated>
		<difficult>0</difficult>
		<bndbox>
			<xmin>792</xmin>
			<ymin>152</ymin>
			<xmax>960</xmax>
			<ymax>320</ymax>
		</bndbox>
	</object>
	<object>
		<name>bianca</name>
		<pose>Unspecified</pose>
		<truncated>1</truncated>
		<difficult>1</difficult>
		<bndbox>
			<xmin>1551</xmin>
			<ymin>294</ymin>
			<xmax>1600</xmax>
			<ymax>472</ymax>
		</bndbox>
	</object>
</annotation>
