<annotation>
	<folder>dataset 2.0</folder>
	<filename>new83.jpg</filename>
	<path>C:\Users\lucas\Desktop\dataset 2.0\new83.jpg</path>
	<source>
		<database>Unknown</database>
	</source>
	<size>
		<width>1600</width>
		<height>1200</height>
		<depth>3</depth>
	</size>
	<segmented>0</segmented>
	<object>
		<name>nera</name>
		<pose>Unspecified</pose>
		<truncated>0</truncated>
		<difficult>0</difficult>
		<bndbox>
			<xmin>1209</xmin>
			<ymin>224</ymin>
			<xmax>1483</xmax>
			<ymax>537</ymax>
		</bndbox>
	</object>
	<object>
		<name>bianca</name>
		<pose>Unspecified</pose>
		<truncated>0</truncated>
		<difficult>0</difficult>
		<bndbox>
			<xmin>529</xmin>
			<ymin>212</ymin>
			<xmax>873</xmax>
			<ymax>539</ymax>
		</bndbox>
	</object>
	<object>
		<name>nera</name>
		<pose>Unspecified</pose>
		<truncated>0</truncated>
		<difficult>0</difficult>
		<bndbox>
			<xmin>398</xmin>
			<ymin>219</ymin>
			<xmax>617</xmax>
			<ymax>492</ymax>
		</bndbox>
	</object>
</annotation>
