<annotation>
	<folder>dataset 2.0</folder>
	<filename>new86.jpg</filename>
	<path>C:\Users\lucas\Desktop\dataset 2.0\new86.jpg</path>
	<source>
		<database>Unknown</database>
	</source>
	<size>
		<width>1600</width>
		<height>1200</height>
		<depth>3</depth>
	</size>
	<segmented>0</segmented>
	<object>
		<name>bianca</name>
		<pose>Unspecified</pose>
		<truncated>0</truncated>
		<difficult>0</difficult>
		<bndbox>
			<xmin>425</xmin>
			<ymin>195</ymin>
			<xmax>525</xmax>
			<ymax>298</ymax>
		</bndbox>
	</object>
	<object>
		<name>nera</name>
		<pose>Unspecified</pose>
		<truncated>0</truncated>
		<difficult>1</difficult>
		<bndbox>
			<xmin>343</xmin>
			<ymin>218</ymin>
			<xmax>419</xmax>
			<ymax>296</ymax>
		</bndbox>
	</object>
</annotation>
