<annotation>
	<folder>dataset 2.0</folder>
	<filename>new80.jpg</filename>
	<path>C:\Users\lucas\Desktop\dataset 2.0\new80.jpg</path>
	<source>
		<database>Unknown</database>
	</source>
	<size>
		<width>1600</width>
		<height>1200</height>
		<depth>3</depth>
	</size>
	<segmented>0</segmented>
	<object>
		<name>bianca</name>
		<pose>Unspecified</pose>
		<truncated>0</truncated>
		<difficult>0</difficult>
		<bndbox>
			<xmin>606</xmin>
			<ymin>174</ymin>
			<xmax>808</xmax>
			<ymax>377</ymax>
		</bndbox>
	</object>
	<object>
		<name>nera</name>
		<pose>Unspecified</pose>
		<truncated>0</truncated>
		<difficult>0</difficult>
		<bndbox>
			<xmin>1162</xmin>
			<ymin>156</ymin>
			<xmax>1282</xmax>
			<ymax>271</ymax>
		</bndbox>
	</object>
</annotation>
