<annotation>
	<folder>dataset 2.0</folder>
	<filename>new93.jpg</filename>
	<path>C:\Users\lucas\Desktop\dataset 2.0\new93.jpg</path>
	<source>
		<database>Unknown</database>
	</source>
	<size>
		<width>1600</width>
		<height>1200</height>
		<depth>3</depth>
	</size>
	<segmented>0</segmented>
	<object>
		<name>nera</name>
		<pose>Unspecified</pose>
		<truncated>0</truncated>
		<difficult>0</difficult>
		<bndbox>
			<xmin>454</xmin>
			<ymin>188</ymin>
			<xmax>618</xmax>
			<ymax>352</ymax>
		</bndbox>
	</object>
	<object>
		<name>bianca</name>
		<pose>Unspecified</pose>
		<truncated>0</truncated>
		<difficult>0</difficult>
		<bndbox>
			<xmin>812</xmin>
			<ymin>141</ymin>
			<xmax>938</xmax>
			<ymax>267</ymax>
		</bndbox>
	</object>
</annotation>
