<annotation>
	<folder>dataset 2.0</folder>
	<filename>new91.jpg</filename>
	<path>C:\Users\lucas\Desktop\dataset 2.0\new91.jpg</path>
	<source>
		<database>Unknown</database>
	</source>
	<size>
		<width>1600</width>
		<height>1200</height>
		<depth>3</depth>
	</size>
	<segmented>0</segmented>
	<object>
		<name>nera</name>
		<pose>Unspecified</pose>
		<truncated>0</truncated>
		<difficult>0</difficult>
		<bndbox>
			<xmin>424</xmin>
			<ymin>209</ymin>
			<xmax>567</xmax>
			<ymax>352</ymax>
		</bndbox>
	</object>
	<object>
		<name>bianca</name>
		<pose>Unspecified</pose>
		<truncated>0</truncated>
		<difficult>0</difficult>
		<bndbox>
			<xmin>945</xmin>
			<ymin>186</ymin>
			<xmax>1270</xmax>
			<ymax>511</ymax>
		</bndbox>
	</object>
</annotation>
