<annotation>
	<folder>dataset 2.0</folder>
	<filename>stanzaBiancastuzzicadenti15.jpg</filename>
	<path>C:\Users\lucas\Desktop\dataset 2.0\stanzaBiancastuzzicadenti15.jpg</path>
	<source>
		<database>Unknown</database>
	</source>
	<size>
		<width>1600</width>
		<height>1200</height>
		<depth>3</depth>
	</size>
	<segmented>0</segmented>
	<object>
		<name>nera</name>
		<pose>Unspecified</pose>
		<truncated>0</truncated>
		<difficult>1</difficult>
		<bndbox>
			<xmin>515</xmin>
			<ymin>343</ymin>
			<xmax>842</xmax>
			<ymax>691</ymax>
		</bndbox>
	</object>
	<object>
		<name>bianca</name>
		<pose>Unspecified</pose>
		<truncated>0</truncated>
		<difficult>1</difficult>
		<bndbox>
			<xmin>904</xmin>
			<ymin>259</ymin>
			<xmax>1063</xmax>
			<ymax>382</ymax>
		</bndbox>
	</object>
	<object>
		<name>bianca</name>
		<pose>Unspecified</pose>
		<truncated>0</truncated>
		<difficult>1</difficult>
		<bndbox>
			<xmin>747</xmin>
			<ymin>240</ymin>
			<xmax>851</xmax>
			<ymax>338</ymax>
		</bndbox>
	</object>
</annotation>
