<annotation>
	<folder>dataset 2.0</folder>
	<filename>stanzaBiancaOmbre8.jpg</filename>
	<path>C:\Users\lucas\Desktop\dataset 2.0\stanzaBiancaOmbre8.jpg</path>
	<source>
		<database>Unknown</database>
	</source>
	<size>
		<width>1600</width>
		<height>1200</height>
		<depth>3</depth>
	</size>
	<segmented>0</segmented>
	<object>
		<name>bianca</name>
		<pose>Unspecified</pose>
		<truncated>0</truncated>
		<difficult>0</difficult>
		<bndbox>
			<xmin>433</xmin>
			<ymin>310</ymin>
			<xmax>562</xmax>
			<ymax>436</ymax>
		</bndbox>
	</object>
	<object>
		<name>bianca</name>
		<pose>Unspecified</pose>
		<truncated>0</truncated>
		<difficult>0</difficult>
		<bndbox>
			<xmin>700</xmin>
			<ymin>297</ymin>
			<xmax>882</xmax>
			<ymax>458</ymax>
		</bndbox>
	</object>
	<object>
		<name>nera</name>
		<pose>Unspecified</pose>
		<truncated>0</truncated>
		<difficult>0</difficult>
		<bndbox>
			<xmin>1315</xmin>
			<ymin>300</ymin>
			<xmax>1438</xmax>
			<ymax>423</ymax>
		</bndbox>
	</object>
	<object>
		<name>nera</name>
		<pose>Unspecified</pose>
		<truncated>0</truncated>
		<difficult>1</difficult>
		<bndbox>
			<xmin>920</xmin>
			<ymin>257</ymin>
			<xmax>999</xmax>
			<ymax>342</ymax>
		</bndbox>
	</object>
</annotation>
