<annotation>
	<folder>dataset 2.0</folder>
	<filename>stanzaBianca28.jpg</filename>
	<path>C:\Users\lucas\Desktop\dataset 2.0\stanzaBianca28.jpg</path>
	<source>
		<database>Unknown</database>
	</source>
	<size>
		<width>1600</width>
		<height>1200</height>
		<depth>3</depth>
	</size>
	<segmented>0</segmented>
	<object>
		<name>bianca</name>
		<pose>Unspecified</pose>
		<truncated>0</truncated>
		<difficult>0</difficult>
		<bndbox>
			<xmin>544</xmin>
			<ymin>52</ymin>
			<xmax>807</xmax>
			<ymax>296</ymax>
		</bndbox>
	</object>
	<object>
		<name>nera</name>
		<pose>Unspecified</pose>
		<truncated>0</truncated>
		<difficult>0</difficult>
		<bndbox>
			<xmin>239</xmin>
			<ymin>113</ymin>
			<xmax>338</xmax>
			<ymax>222</ymax>
		</bndbox>
	</object>
	<object>
		<name>nera</name>
		<pose>Unspecified</pose>
		<truncated>1</truncated>
		<difficult>0</difficult>
		<bndbox>
			<xmin>1</xmin>
			<ymin>219</ymin>
			<xmax>120</xmax>
			<ymax>392</ymax>
		</bndbox>
	</object>
</annotation>
