<annotation>
	<folder>dataset 2.0</folder>
	<filename>stanzaBianca15.jpg</filename>
	<path>C:\Users\lucas\Desktop\dataset 2.0\stanzaBianca15.jpg</path>
	<source>
		<database>Unknown</database>
	</source>
	<size>
		<width>1600</width>
		<height>1200</height>
		<depth>3</depth>
	</size>
	<segmented>0</segmented>
	<object>
		<name>nera</name>
		<pose>Unspecified</pose>
		<truncated>0</truncated>
		<difficult>0</difficult>
		<bndbox>
			<xmin>347</xmin>
			<ymin>99</ymin>
			<xmax>583</xmax>
			<ymax>335</ymax>
		</bndbox>
	</object>
	<object>
		<name>nera</name>
		<pose>Unspecified</pose>
		<truncated>0</truncated>
		<difficult>0</difficult>
		<bndbox>
			<xmin>685</xmin>
			<ymin>26</ymin>
			<xmax>818</xmax>
			<ymax>159</ymax>
		</bndbox>
	</object>
	<object>
		<name>bianca</name>
		<pose>Unspecified</pose>
		<truncated>0</truncated>
		<difficult>0</difficult>
		<bndbox>
			<xmin>841</xmin>
			<ymin>27</ymin>
			<xmax>1002</xmax>
			<ymax>188</ymax>
		</bndbox>
	</object>
	<object>
		<name>bianca</name>
		<pose>Unspecified</pose>
		<truncated>0</truncated>
		<difficult>1</difficult>
		<bndbox>
			<xmin>1113</xmin>
			<ymin>89</ymin>
			<xmax>1408</xmax>
			<ymax>384</ymax>
		</bndbox>
	</object>
</annotation>
