<annotation>
	<folder>dataset 2.0</folder>
	<filename>stanzaBianca2.jpg</filename>
	<path>C:\Users\lucas\Desktop\dataset 2.0\stanzaBianca2.jpg</path>
	<source>
		<database>Unknown</database>
	</source>
	<size>
		<width>1600</width>
		<height>1200</height>
		<depth>3</depth>
	</size>
	<segmented>0</segmented>
	<object>
		<name>bianca</name>
		<pose>Unspecified</pose>
		<truncated>0</truncated>
		<difficult>0</difficult>
		<bndbox>
			<xmin>1030</xmin>
			<ymin>45</ymin>
			<xmax>1260</xmax>
			<ymax>275</ymax>
		</bndbox>
	</object>
	<object>
		<name>nera</name>
		<pose>Unspecified</pose>
		<truncated>0</truncated>
		<difficult>0</difficult>
		<bndbox>
			<xmin>890</xmin>
			<ymin>12</ymin>
			<xmax>991</xmax>
			<ymax>113</ymax>
		</bndbox>
	</object>
	<object>
		<name>nera</name>
		<pose>Unspecified</pose>
		<truncated>0</truncated>
		<difficult>0</difficult>
		<bndbox>
			<xmin>456</xmin>
			<ymin>60</ymin>
			<xmax>568</xmax>
			<ymax>172</ymax>
		</bndbox>
	</object>
	<object>
		<name>bianca</name>
		<pose>Unspecified</pose>
		<truncated>0</truncated>
		<difficult>0</difficult>
		<bndbox>
			<xmin>170</xmin>
			<ymin>141</ymin>
			<xmax>310</xmax>
			<ymax>281</ymax>
		</bndbox>
	</object>
</annotation>
