<annotation>
	<folder>dataset 2.0</folder>
	<filename>stanzaBianca27.jpg</filename>
	<path>C:\Users\lucas\Desktop\dataset 2.0\stanzaBianca27.jpg</path>
	<source>
		<database>Unknown</database>
	</source>
	<size>
		<width>1600</width>
		<height>1200</height>
		<depth>3</depth>
	</size>
	<segmented>0</segmented>
	<object>
		<name>bianca</name>
		<pose>Unspecified</pose>
		<truncated>0</truncated>
		<difficult>0</difficult>
		<bndbox>
			<xmin>383</xmin>
			<ymin>86</ymin>
			<xmax>590</xmax>
			<ymax>293</ymax>
		</bndbox>
	</object>
	<object>
		<name>nera</name>
		<pose>Unspecified</pose>
		<truncated>0</truncated>
		<difficult>0</difficult>
		<bndbox>
			<xmin>1132</xmin>
			<ymin>34</ymin>
			<xmax>1238</xmax>
			<ymax>140</ymax>
		</bndbox>
	</object>
	<object>
		<name>nera</name>
		<pose>Unspecified</pose>
		<truncated>0</truncated>
		<difficult>0</difficult>
		<bndbox>
			<xmin>1408</xmin>
			<ymin>125</ymin>
			<xmax>1560</xmax>
			<ymax>277</ymax>
		</bndbox>
	</object>
	<object>
		<name>bianca</name>
		<pose>Unspecified</pose>
		<truncated>1</truncated>
		<difficult>0</difficult>
		<bndbox>
			<xmin>1534</xmin>
			<ymin>129</ymin>
			<xmax>1600</xmax>
			<ymax>258</ymax>
		</bndbox>
	</object>
</annotation>
