<annotation>
	<folder>dataset 2.0</folder>
	<filename>stanzaTrazparenteStuzzicadenti77.jpg</filename>
	<path>C:\Users\lucas\Desktop\dataset 2.0\stanzaTrazparenteStuzzicadenti77.jpg</path>
	<source>
		<database>Unknown</database>
	</source>
	<size>
		<width>1600</width>
		<height>1200</height>
		<depth>3</depth>
	</size>
	<segmented>0</segmented>
	<object>
		<name>nera</name>
		<pose>Unspecified</pose>
		<truncated>0</truncated>
		<difficult>0</difficult>
		<bndbox>
			<xmin>968</xmin>
			<ymin>296</ymin>
			<xmax>1158</xmax>
			<ymax>486</ymax>
		</bndbox>
	</object>
	<object>
		<name>bianca</name>
		<pose>Unspecified</pose>
		<truncated>0</truncated>
		<difficult>0</difficult>
		<bndbox>
			<xmin>350</xmin>
			<ymin>304</ymin>
			<xmax>504</xmax>
			<ymax>464</ymax>
		</bndbox>
	</object>
</annotation>
