<annotation>
	<folder>dataset 2.0</folder>
	<filename>stanzaTrazparenteStuzzicadenti30.jpg</filename>
	<path>C:\Users\lucas\Desktop\dataset 2.0\stanzaTrazparenteStuzzicadenti30.jpg</path>
	<source>
		<database>Unknown</database>
	</source>
	<size>
		<width>1600</width>
		<height>1200</height>
		<depth>3</depth>
	</size>
	<segmented>0</segmented>
	<object>
		<name>nera</name>
		<pose>Unspecified</pose>
		<truncated>0</truncated>
		<difficult>0</difficult>
		<bndbox>
			<xmin>555</xmin>
			<ymin>341</ymin>
			<xmax>740</xmax>
			<ymax>518</ymax>
		</bndbox>
	</object>
</annotation>
