<annotation>
	<folder>dataset 2.0</folder>
	<filename>stanzaBianca11.jpg</filename>
	<path>C:\Users\lucas\Desktop\dataset 2.0\stanzaBianca11.jpg</path>
	<source>
		<database>Unknown</database>
	</source>
	<size>
		<width>1600</width>
		<height>1200</height>
		<depth>3</depth>
	</size>
	<segmented>0</segmented>
	<object>
		<name>nera</name>
		<pose>Unspecified</pose>
		<truncated>0</truncated>
		<difficult>1</difficult>
		<bndbox>
			<xmin>515</xmin>
			<ymin>81</ymin>
			<xmax>803</xmax>
			<ymax>397</ymax>
		</bndbox>
	</object>
	<object>
		<name>bianca</name>
		<pose>Unspecified</pose>
		<truncated>0</truncated>
		<difficult>1</difficult>
		<bndbox>
			<xmin>816</xmin>
			<ymin>34</ymin>
			<xmax>1003</xmax>
			<ymax>212</ymax>
		</bndbox>
	</object>
</annotation>
