<annotation>
	<folder>dataset 2.0</folder>
	<filename>stanzaBianca17.jpg</filename>
	<path>C:\Users\lucas\Desktop\dataset 2.0\stanzaBianca17.jpg</path>
	<source>
		<database>Unknown</database>
	</source>
	<size>
		<width>1600</width>
		<height>1200</height>
		<depth>3</depth>
	</size>
	<segmented>0</segmented>
	<object>
		<name>bianca</name>
		<pose>Unspecified</pose>
		<truncated>0</truncated>
		<difficult>1</difficult>
		<bndbox>
			<xmin>1121</xmin>
			<ymin>62</ymin>
			<xmax>1328</xmax>
			<ymax>269</ymax>
		</bndbox>
	</object>
	<object>
		<name>nera</name>
		<pose>Unspecified</pose>
		<truncated>0</truncated>
		<difficult>0</difficult>
		<bndbox>
			<xmin>243</xmin>
			<ymin>120</ymin>
			<xmax>423</xmax>
			<ymax>300</ymax>
		</bndbox>
	</object>
	<object>
		<name>nera</name>
		<pose>Unspecified</pose>
		<truncated>0</truncated>
		<difficult>0</difficult>
		<bndbox>
			<xmin>595</xmin>
			<ymin>60</ymin>
			<xmax>813</xmax>
			<ymax>278</ymax>
		</bndbox>
	</object>
	<object>
		<name>bianca</name>
		<pose>Unspecified</pose>
		<truncated>0</truncated>
		<difficult>0</difficult>
		<bndbox>
			<xmin>684</xmin>
			<ymin>66</ymin>
			<xmax>1121</xmax>
			<ymax>503</ymax>
		</bndbox>
	</object>
</annotation>
