<annotation>
	<folder>dataset 2.0</folder>
	<filename>stanzaBiancastuzzicadenti20.jpg</filename>
	<path>C:\Users\lucas\Desktop\dataset 2.0\stanzaBiancastuzzicadenti20.jpg</path>
	<source>
		<database>Unknown</database>
	</source>
	<size>
		<width>1600</width>
		<height>1200</height>
		<depth>3</depth>
	</size>
	<segmented>0</segmented>
	<object>
		<name>bianca</name>
		<pose>Unspecified</pose>
		<truncated>0</truncated>
		<difficult>0</difficult>
		<bndbox>
			<xmin>256</xmin>
			<ymin>397</ymin>
			<xmax>715</xmax>
			<ymax>848</ymax>
		</bndbox>
	</object>
	<object>
		<name>nera</name>
		<pose>Unspecified</pose>
		<truncated>0</truncated>
		<difficult>0</difficult>
		<bndbox>
			<xmin>894</xmin>
			<ymin>290</ymin>
			<xmax>1034</xmax>
			<ymax>419</ymax>
		</bndbox>
	</object>
</annotation>
