<annotation>
	<folder>dataset 2.0</folder>
	<filename>stanzaBianca9.jpg</filename>
	<path>C:\Users\lucas\Desktop\dataset 2.0\stanzaBianca9.jpg</path>
	<source>
		<database>Unknown</database>
	</source>
	<size>
		<width>1600</width>
		<height>1200</height>
		<depth>3</depth>
	</size>
	<segmented>0</segmented>
	<object>
		<name>nera</name>
		<pose>Unspecified</pose>
		<truncated>0</truncated>
		<difficult>0</difficult>
		<bndbox>
			<xmin>351</xmin>
			<ymin>102</ymin>
			<xmax>488</xmax>
			<ymax>234</ymax>
		</bndbox>
	</object>
	<object>
		<name>bianca</name>
		<pose>Unspecified</pose>
		<truncated>0</truncated>
		<difficult>0</difficult>
		<bndbox>
			<xmin>533</xmin>
			<ymin>77</ymin>
			<xmax>715</xmax>
			<ymax>256</ymax>
		</bndbox>
	</object>
	<object>
		<name>nera</name>
		<pose>Unspecified</pose>
		<truncated>0</truncated>
		<difficult>1</difficult>
		<bndbox>
			<xmin>918</xmin>
			<ymin>42</ymin>
			<xmax>1029</xmax>
			<ymax>160</ymax>
		</bndbox>
	</object>
	<object>
		<name>bianca</name>
		<pose>Unspecified</pose>
		<truncated>0</truncated>
		<difficult>0</difficult>
		<bndbox>
			<xmin>1050</xmin>
			<ymin>91</ymin>
			<xmax>1353</xmax>
			<ymax>389</ymax>
		</bndbox>
	</object>
</annotation>
