<annotation>
	<folder>dataset 2.0</folder>
	<filename>stanzaTrazparenteStuzzicadenti28.jpg</filename>
	<path>C:\Users\lucas\Desktop\dataset 2.0\stanzaTrazparenteStuzzicadenti28.jpg</path>
	<source>
		<database>Unknown</database>
	</source>
	<size>
		<width>1600</width>
		<height>1200</height>
		<depth>3</depth>
	</size>
	<segmented>0</segmented>
	<object>
		<name>bianca</name>
		<pose>Unspecified</pose>
		<truncated>0</truncated>
		<difficult>0</difficult>
		<bndbox>
			<xmin>593</xmin>
			<ymin>365</ymin>
			<xmax>870</xmax>
			<ymax>639</ymax>
		</bndbox>
	</object>
	<object>
		<name>nera</name>
		<pose>Unspecified</pose>
		<truncated>0</truncated>
		<difficult>1</difficult>
		<bndbox>
			<xmin>960</xmin>
			<ymin>285</ymin>
			<xmax>1057</xmax>
			<ymax>397</ymax>
		</bndbox>
	</object>
</annotation>
