<annotation>
	<folder>dataset 2.0</folder>
	<filename>stanzaBianca25.jpg</filename>
	<path>C:\Users\lucas\Desktop\dataset 2.0\stanzaBianca25.jpg</path>
	<source>
		<database>Unknown</database>
	</source>
	<size>
		<width>1600</width>
		<height>1200</height>
		<depth>3</depth>
	</size>
	<segmented>0</segmented>
	<object>
		<name>bianca</name>
		<pose>Unspecified</pose>
		<truncated>0</truncated>
		<difficult>0</difficult>
		<bndbox>
			<xmin>721</xmin>
			<ymin>32</ymin>
			<xmax>891</xmax>
			<ymax>202</ymax>
		</bndbox>
	</object>
	<object>
		<name>nera</name>
		<pose>Unspecified</pose>
		<truncated>0</truncated>
		<difficult>0</difficult>
		<bndbox>
			<xmin>253</xmin>
			<ymin>120</ymin>
			<xmax>515</xmax>
			<ymax>382</ymax>
		</bndbox>
	</object>
	<object>
		<name>bianca</name>
		<pose>Unspecified</pose>
		<truncated>0</truncated>
		<difficult>1</difficult>
		<bndbox>
			<xmin>939</xmin>
			<ymin>45</ymin>
			<xmax>1193</xmax>
			<ymax>299</ymax>
		</bndbox>
	</object>
</annotation>
