<annotation>
	<folder>images</folder>
	<filename>maksssksksss4.jpg</filename>
	<path>C:\Users\lucas\Desktop\dataset 2.0\stanzaTrazparenteStuzzicadenti20.jpg</path>
	<source>
		<database>Unknown</database>
	</source>
	<size>
		<width>1600</width>
		<height>1200</height>
		<depth>3</depth>
	</size>
	<segmented>0</segmented>
	<object>
		<name>bianca</name>
		<pose>Unspecified</pose>
		<truncated>0</truncated>
		<difficult>0</difficult>
		<bndbox>
			<xmin>1138</xmin>
			<ymin>295</ymin>
			<xmax>1232</xmax>
			<ymax>397</ymax>
		</bndbox>
	</object>
	<object>
		<name>bianca</name>
		<pose>Unspecified</pose>
		<truncated>0</truncated>
		<difficult>0</difficult>
		<bndbox>
			<xmin>4</xmin>
			<ymin>462</ymin>
			<xmax>87</xmax>
			<ymax>585</ymax>
		</bndbox>
	</object>
<folder>images</folder>
	<filename>maksssksksss4.jpg</filename>
	</annotation>