<annotation>
	<folder>dataset 2.0</folder>
	<filename>luceBlu6.jpg</filename>
	<path>C:\Users\lucas\Desktop\dataset 2.0\luceBlu6.jpg</path>
	<source>
		<database>Unknown</database>
	</source>
	<size>
		<width>1600</width>
		<height>1200</height>
		<depth>3</depth>
	</size>
	<segmented>0</segmented>
	<object>
		<name>bianca</name>
		<pose>Unspecified</pose>
		<truncated>0</truncated>
		<difficult>0</difficult>
		<bndbox>
			<xmin>376</xmin>
			<ymin>332</ymin>
			<xmax>493</xmax>
			<ymax>442</ymax>
		</bndbox>
	</object>
	<object>
		<name>bianca</name>
		<pose>Unspecified</pose>
		<truncated>0</truncated>
		<difficult>0</difficult>
		<bndbox>
			<xmin>708</xmin>
			<ymin>311</ymin>
			<xmax>892</xmax>
			<ymax>471</ymax>
		</bndbox>
	</object>
	<object>
		<name>nera</name>
		<pose>Unspecified</pose>
		<truncated>0</truncated>
		<difficult>0</difficult>
		<bndbox>
			<xmin>752</xmin>
			<ymin>357</ymin>
			<xmax>1058</xmax>
			<ymax>668</ymax>
		</bndbox>
	</object>
	<object>
		<name>nera</name>
		<pose>Unspecified</pose>
		<truncated>1</truncated>
		<difficult>0</difficult>
		<bndbox>
			<xmin>1467</xmin>
			<ymin>386</ymin>
			<xmax>1600</xmax>
			<ymax>617</ymax>
		</bndbox>
	</object>
</annotation>
