<annotation>
	<folder>images</folder>
	<filename>maksssksksss219.jpg</filename>
	<path>C:\Users\lucas\Desktop\dataset 2.0\new56.jpg</path>
	<source>
		<database>Unknown</database>
	</source>
	<size>
		<width>1600</width>
		<height>1200</height>
		<depth>3</depth>
	</size>
	<segmented>0</segmented>
	<object>
		<name>bianca</name>
		<pose>Unspecified</pose>
		<truncated>0</truncated>
		<difficult>0</difficult>
		<bndbox>
			<xmin>554</xmin>
			<ymin>245</ymin>
			<xmax>1091</xmax>
			<ymax>754</ymax>
		</bndbox>
	</object>
	<object>
		<name>nera</name>
		<pose>Unspecified</pose>
		<truncated>0</truncated>
		<difficult>0</difficult>
		<bndbox>
			<xmin>50</xmin>
			<ymin>355</ymin>
			<xmax>367</xmax>
			<ymax>724</ymax>
		</bndbox>
	</object>
<folder>images</folder>
	<filename>maksssksksss219.jpg</filename>
	</annotation>