<annotation>
	<folder>images</folder>
	<filename>maksssksksss122.jpg</filename>
	<path>C:\Users\lucas\Desktop\dataset 2.0\new42.jpg</path>
	<source>
		<database>Unknown</database>
	</source>
	<size>
		<width>1600</width>
		<height>1200</height>
		<depth>3</depth>
	</size>
	<segmented>0</segmented>
	<object>
		<name>nera</name>
		<pose>Unspecified</pose>
		<truncated>0</truncated>
		<difficult>0</difficult>
		<bndbox>
			<xmin>92</xmin>
			<ymin>320</ymin>
			<xmax>461</xmax>
			<ymax>708</ymax>
		</bndbox>
	</object>
	<object>
		<name>bianca</name>
		<pose>Unspecified</pose>
		<truncated>0</truncated>
		<difficult>0</difficult>
		<bndbox>
			<xmin>1084</xmin>
			<ymin>203</ymin>
			<xmax>1387</xmax>
			<ymax>513</ymax>
		</bndbox>
	</object>
<folder>images</folder>
	<filename>maksssksksss122.jpg</filename>
	</annotation>