<annotation>
	<folder>images</folder>
	<filename>maksssksksss250.jpg</filename>
	<path>C:\Users\lucas\Desktop\dataset 2.0\stanzaTrazparenteStuzzicadenti96.jpg</path>
	<source>
		<database>Unknown</database>
	</source>
	<size>
		<width>1600</width>
		<height>1200</height>
		<depth>3</depth>
	</size>
	<segmented>0</segmented>
	<object>
		<name>bianca</name>
		<pose>Unspecified</pose>
		<truncated>0</truncated>
		<difficult>0</difficult>
		<bndbox>
			<xmin>643</xmin>
			<ymin>309</ymin>
			<xmax>673</xmax>
			<ymax>360</ymax>
		</bndbox>
	</object>
	<object>
		<name>nera</name>
		<pose>Unspecified</pose>
		<truncated>0</truncated>
		<difficult>0</difficult>
		<bndbox>
			<xmin>772</xmin>
			<ymin>293</ymin>
			<xmax>833</xmax>
			<ymax>354</ymax>
		</bndbox>
	</object>
	<object>
		<name>bianca</name>
		<pose>Unspecified</pose>
		<truncated>0</truncated>
		<difficult>0</difficult>
		<bndbox>
			<xmin>899</xmin>
			<ymin>280</ymin>
			<xmax>952</xmax>
			<ymax>330</ymax>
		</bndbox>
	</object>
<folder>images</folder>
	<filename>maksssksksss250.jpg</filename>
	</annotation>