<annotation>
	<folder>images</folder>
	<filename>maksssksksss267.jpg</filename>
	<path>C:\Users\lucas\Desktop\dataset 2.0\stanzaTrazparenteStuzzicadenti12.jpg</path>
	<source>
		<database>Unknown</database>
	</source>
	<size>
		<width>1600</width>
		<height>1200</height>
		<depth>3</depth>
	</size>
	<segmented>0</segmented>
	<object>
		<name>bianca</name>
		<pose>Unspecified</pose>
		<truncated>0</truncated>
		<difficult>0</difficult>
		<bndbox>
			<xmin>556</xmin>
			<ymin>336</ymin>
			<xmax>791</xmax>
			<ymax>568</ymax>
		</bndbox>
	</object>
	<object>
		<name>nera</name>
		<pose>Unspecified</pose>
		<truncated>0</truncated>
		<difficult>0</difficult>
		<bndbox>
			<xmin>1455</xmin>
			<ymin>356</ymin>
			<xmax>1583</xmax>
			<ymax>494</ymax>
		</bndbox>
	</object>
<folder>images</folder>
	<filename>maksssksksss267.jpg</filename>
	</annotation>