<annotation>
	<folder>images</folder>
	<filename>maksssksksss37.jpg</filename>
	<path>C:\Users\lucas\Desktop\dataset 2.0\new1.jpg</path>
	<source>
		<database>Unknown</database>
	</source>
	<size>
		<width>1600</width>
		<height>1200</height>
		<depth>3</depth>
	</size>
	<segmented>0</segmented>
	<object>
		<name>nera</name>
		<pose>Unspecified</pose>
		<truncated>0</truncated>
		<difficult>0</difficult>
		<bndbox>
			<xmin>509</xmin>
			<ymin>190</ymin>
			<xmax>725</xmax>
			<ymax>409</ymax>
		</bndbox>
	</object>
	<object>
		<name>bianca</name>
		<pose>Unspecified</pose>
		<truncated>0</truncated>
		<difficult>0</difficult>
		<bndbox>
			<xmin>875</xmin>
			<ymin>202</ymin>
			<xmax>1220</xmax>
			<ymax>562</ymax>
		</bndbox>
	</object>
	<object>
		<name>bianca</name>
		<pose>Unspecified</pose>
		<truncated>0</truncated>
		<difficult>0</difficult>
		<bndbox>
			<xmin>1233</xmin>
			<ymin>177</ymin>
			<xmax>1415</xmax>
			<ymax>369</ymax>
		</bndbox>
	</object>
<folder>images</folder>
	<filename>maksssksksss37.jpg</filename>
	</annotation>