<annotation>
	<folder>images</folder>
	<filename>maksssksksss251.jpg</filename>
	<path>C:\Users\lucas\Desktop\dataset 2.0\stanzaBiancastuzzicadenti29.jpg</path>
	<source>
		<database>Unknown</database>
	</source>
	<size>
		<width>1600</width>
		<height>1200</height>
		<depth>3</depth>
	</size>
	<segmented>0</segmented>
	<object>
		<name>nera</name>
		<pose>Unspecified</pose>
		<truncated>0</truncated>
		<difficult>0</difficult>
		<bndbox>
			<xmin>290</xmin>
			<ymin>352</ymin>
			<xmax>392</xmax>
			<ymax>465</ymax>
		</bndbox>
	</object>
	<object>
		<name>bianca</name>
		<pose>Unspecified</pose>
		<truncated>0</truncated>
		<difficult>0</difficult>
		<bndbox>
			<xmin>950</xmin>
			<ymin>287</ymin>
			<xmax>1103</xmax>
			<ymax>453</ymax>
		</bndbox>
	</object>
<folder>images</folder>
	<filename>maksssksksss251.jpg</filename>
	</annotation>