<annotation>
	<folder>images</folder>
	<filename>maksssksksss35.jpg</filename>
	<path>C:\Users\lucas\Desktop\dataset 2.0\stanzaTrazparenteStuzzicadenti79.jpg</path>
	<source>
		<database>Unknown</database>
	</source>
	<size>
		<width>1600</width>
		<height>1200</height>
		<depth>3</depth>
	</size>
	<segmented>0</segmented>
	<object>
		<name>nera</name>
		<pose>Unspecified</pose>
		<truncated>0</truncated>
		<difficult>0</difficult>
		<bndbox>
			<xmin>653</xmin>
			<ymin>321</ymin>
			<xmax>964</xmax>
			<ymax>634</ymax>
		</bndbox>
	</object>
	<object>
		<name>bianca</name>
		<pose>Unspecified</pose>
		<truncated>0</truncated>
		<difficult>0</difficult>
		<bndbox>
			<xmin>343</xmin>
			<ymin>310</ymin>
			<xmax>491</xmax>
			<ymax>464</ymax>
		</bndbox>
	</object>
<folder>images</folder>
	<filename>maksssksksss35.jpg</filename>
	</annotation>