<annotation>
	<folder>images</folder>
	<filename>maksssksksss259.jpg</filename>
	<path>C:\Users\lucas\Desktop\dataset 2.0\stanzaBianca12.jpg</path>
	<source>
		<database>Unknown</database>
	</source>
	<size>
		<width>1600</width>
		<height>1200</height>
		<depth>3</depth>
	</size>
	<segmented>0</segmented>
	<object>
		<name>bianca</name>
		<pose>Unspecified</pose>
		<truncated>0</truncated>
		<difficult>0</difficult>
		<bndbox>
			<xmin>221</xmin>
			<ymin>126</ymin>
			<xmax>499</xmax>
			<ymax>404</ymax>
		</bndbox>
	</object>
	<object>
		<name>nera</name>
		<pose>Unspecified</pose>
		<truncated>0</truncated>
		<difficult>0</difficult>
		<bndbox>
			<xmin>694</xmin>
			<ymin>30</ymin>
			<xmax>818</xmax>
			<ymax>154</ymax>
		</bndbox>
	</object>
	<object>
		<name>bianca</name>
		<pose>Unspecified</pose>
		<truncated>0</truncated>
		<difficult>1</difficult>
		<bndbox>
			<xmin>941</xmin>
			<ymin>54</ymin>
			<xmax>1132</xmax>
			<ymax>245</ymax>
		</bndbox>
	</object>
<folder>images</folder>
	<filename>maksssksksss259.jpg</filename>
	</annotation>