<annotation>
	<folder>images</folder>
	<filename>maksssksksss65.jpg</filename>
	<path>C:\Users\lucas\Desktop\dataset 2.0\stanzaBiancastuzzicadenti21.jpg</path>
	<source>
		<database>Unknown</database>
	</source>
	<size>
		<width>1600</width>
		<height>1200</height>
		<depth>3</depth>
	</size>
	<segmented>0</segmented>
	<object>
		<name>bianca</name>
		<pose>Unspecified</pose>
		<truncated>0</truncated>
		<difficult>0</difficult>
		<bndbox>
			<xmin>568</xmin>
			<ymin>419</ymin>
			<xmax>1218</xmax>
			<ymax>1026</ymax>
		</bndbox>
	</object>
<folder>images</folder>
	<filename>maksssksksss65.jpg</filename>
	</annotation>