<annotation>
	<folder>images</folder>
	<filename>maksssksksss173.jpg</filename>
	<path>C:\Users\lucas\Desktop\dataset 2.0\stanzaTrazparenteStuzzicadenti45.jpg</path>
	<source>
		<database>Unknown</database>
	</source>
	<size>
		<width>1600</width>
		<height>1200</height>
		<depth>3</depth>
	</size>
	<segmented>0</segmented>
	<object>
		<name>bianca</name>
		<pose>Unspecified</pose>
		<truncated>0</truncated>
		<difficult>0</difficult>
		<bndbox>
			<xmin>523</xmin>
			<ymin>334</ymin>
			<xmax>683</xmax>
			<ymax>502</ymax>
		</bndbox>
	</object>
	<object>
		<name>bianca</name>
		<pose>Unspecified</pose>
		<truncated>0</truncated>
		<difficult>0</difficult>
		<bndbox>
			<xmin>822</xmin>
			<ymin>295</ymin>
			<xmax>929</xmax>
			<ymax>402</ymax>
		</bndbox>
	</object>
<folder>images</folder>
	<filename>maksssksksss173.jpg</filename>
	</annotation>