<annotation>
	<folder>images</folder>
	<filename>maksssksksss139.jpg</filename>
	<path>C:\Users\lucas\Desktop\dataset 2.0\stanzaTrazparenteStuzzicadenti25.jpg</path>
	<source>
		<database>Unknown</database>
	</source>
	<size>
		<width>1600</width>
		<height>1200</height>
		<depth>3</depth>
	</size>
	<segmented>0</segmented>
	<object>
		<name>bianca</name>
		<pose>Unspecified</pose>
		<truncated>0</truncated>
		<difficult>0</difficult>
		<bndbox>
			<xmin>951</xmin>
			<ymin>302</ymin>
			<xmax>1071</xmax>
			<ymax>415</ymax>
		</bndbox>
	</object>
	<object>
		<name>nera</name>
		<pose>Unspecified</pose>
		<truncated>0</truncated>
		<difficult>1</difficult>
		<bndbox>
			<xmin>406</xmin>
			<ymin>338</ymin>
			<xmax>488</xmax>
			<ymax>419</ymax>
		</bndbox>
	</object>
	<object>
		<name>bianca</name>
		<pose>Unspecified</pose>
		<truncated>1</truncated>
		<difficult>0</difficult>
		<bndbox>
			<xmin>1</xmin>
			<ymin>457</ymin>
			<xmax>67</xmax>
			<ymax>572</ymax>
		</bndbox>
	</object>
<folder>images</folder>
	<filename>maksssksksss139.jpg</filename>
	</annotation>