<annotation>
	<folder>images</folder>
	<filename>maksssksksss10.jpg</filename>
	<path>C:\Users\lucas\Desktop\dataset 2.0\stanzaBiancaOmbre5.jpg</path>
	<source>
		<database>Unknown</database>
	</source>
	<size>
		<width>1600</width>
		<height>1200</height>
		<depth>3</depth>
	</size>
	<segmented>0</segmented>
	<object>
		<name>bianca</name>
		<pose>Unspecified</pose>
		<truncated>0</truncated>
		<difficult>0</difficult>
		<bndbox>
			<xmin>434</xmin>
			<ymin>68</ymin>
			<xmax>606</xmax>
			<ymax>239</ymax>
		</bndbox>
	</object>
	<object>
		<name>nera</name>
		<pose>Unspecified</pose>
		<truncated>0</truncated>
		<difficult>0</difficult>
		<bndbox>
			<xmin>655</xmin>
			<ymin>45</ymin>
			<xmax>877</xmax>
			<ymax>253</ymax>
		</bndbox>
	</object>
	<object>
		<name>nera</name>
		<pose>Unspecified</pose>
		<truncated>0</truncated>
		<difficult>0</difficult>
		<bndbox>
			<xmin>1177</xmin>
			<ymin>92</ymin>
			<xmax>1439</xmax>
			<ymax>384</ymax>
		</bndbox>
	</object>
<folder>images</folder>
	<filename>maksssksksss10.jpg</filename>
	</annotation>