<annotation>
	<folder>images</folder>
	<filename>maksssksksss70.jpg</filename>
	<path>C:\Users\lucas\Desktop\dataset 2.0\stanzaBianca6.jpg</path>
	<source>
		<database>Unknown</database>
	</source>
	<size>
		<width>1600</width>
		<height>1200</height>
		<depth>3</depth>
	</size>
	<segmented>0</segmented>
	<object>
		<name>bianca</name>
		<pose>Unspecified</pose>
		<truncated>0</truncated>
		<difficult>0</difficult>
		<bndbox>
			<xmin>972</xmin>
			<ymin>58</ymin>
			<xmax>1182</xmax>
			<ymax>268</ymax>
		</bndbox>
	</object>
	<object>
		<name>bianca</name>
		<pose>Unspecified</pose>
		<truncated>0</truncated>
		<difficult>0</difficult>
		<bndbox>
			<xmin>777</xmin>
			<ymin>32</ymin>
			<xmax>912</xmax>
			<ymax>167</ymax>
		</bndbox>
	</object>
	<object>
		<name>nera</name>
		<pose>Unspecified</pose>
		<truncated>0</truncated>
		<difficult>0</difficult>
		<bndbox>
			<xmin>357</xmin>
			<ymin>92</ymin>
			<xmax>486</xmax>
			<ymax>221</ymax>
		</bndbox>
	</object>
	<object>
		<name>nera</name>
		<pose>Unspecified</pose>
		<truncated>1</truncated>
		<difficult>1</difficult>
		<bndbox>
			<xmin>1</xmin>
			<ymin>234</ymin>
			<xmax>78</xmax>
			<ymax>313</ymax>
		</bndbox>
	</object>
<folder>images</folder>
	<filename>maksssksksss70.jpg</filename>
	</annotation>