<annotation>
	<folder>images</folder>
	<filename>maksssksksss26.jpg</filename>
	<path>C:\Users\lucas\Desktop\dataset 2.0\stanzaTrazparenteStuzzicadenti48.jpg</path>
	<source>
		<database>Unknown</database>
	</source>
	<size>
		<width>1600</width>
		<height>1200</height>
		<depth>3</depth>
	</size>
	<segmented>0</segmented>
	<object>
		<name>bianca</name>
		<pose>Unspecified</pose>
		<truncated>0</truncated>
		<difficult>0</difficult>
		<bndbox>
			<xmin>943</xmin>
			<ymin>321</ymin>
			<xmax>1150</xmax>
			<ymax>532</ymax>
		</bndbox>
	</object>
	<object>
		<name>nera</name>
		<pose>Unspecified</pose>
		<truncated>1</truncated>
		<difficult>1</difficult>
		<bndbox>
			<xmin>1580</xmin>
			<ymin>397</ymin>
			<xmax>1600</xmax>
			<ymax>501</ymax>
		</bndbox>
	</object>
<folder>images</folder>
	<filename>maksssksksss26.jpg</filename>
	</annotation>