<annotation>
	<folder>dataset 2.0</folder>
	<filename>new15.jpg</filename>
	<path>C:\Users\lucas\Desktop\dataset 2.0\new15.jpg</path>
	<source>
		<database>Unknown</database>
	</source>
	<size>
		<width>1600</width>
		<height>1200</height>
		<depth>3</depth>
	</size>
	<segmented>0</segmented>
	<object>
		<name>bianca</name>
		<pose>Unspecified</pose>
		<truncated>0</truncated>
		<difficult>0</difficult>
		<bndbox>
			<xmin>368</xmin>
			<ymin>201</ymin>
			<xmax>568</xmax>
			<ymax>392</ymax>
		</bndbox>
	</object>
	<object>
		<name>bianca</name>
		<pose>Unspecified</pose>
		<truncated>0</truncated>
		<difficult>0</difficult>
		<bndbox>
			<xmin>1199</xmin>
			<ymin>155</ymin>
			<xmax>1284</xmax>
			<ymax>244</ymax>
		</bndbox>
	</object>
	<object>
		<name>nera</name>
		<pose>Unspecified</pose>
		<truncated>0</truncated>
		<difficult>0</difficult>
		<bndbox>
			<xmin>1176</xmin>
			<ymin>192</ymin>
			<xmax>1378</xmax>
			<ymax>407</ymax>
		</bndbox>
	</object>
</annotation>
