<annotation>
	<folder>dataset 2.0</folder>
	<filename>new75.jpg</filename>
	<path>C:\Users\lucas\Desktop\dataset 2.0\new75.jpg</path>
	<source>
		<database>Unknown</database>
	</source>
	<size>
		<width>1600</width>
		<height>1200</height>
		<depth>3</depth>
	</size>
	<segmented>0</segmented>
	<object>
		<name>nera</name>
		<pose>Unspecified</pose>
		<truncated>0</truncated>
		<difficult>0</difficult>
		<bndbox>
			<xmin>769</xmin>
			<ymin>227</ymin>
			<xmax>1122</xmax>
			<ymax>580</ymax>
		</bndbox>
	</object>
	<object>
		<name>bianca</name>
		<pose>Unspecified</pose>
		<truncated>0</truncated>
		<difficult>0</difficult>
		<bndbox>
			<xmin>1215</xmin>
			<ymin>222</ymin>
			<xmax>1474</xmax>
			<ymax>481</ymax>
		</bndbox>
	</object>
</annotation>
