<annotation>
	<folder>images</folder>
	<filename>maksssksksss131.jpg</filename>
	<path>C:\Users\lucas\Desktop\dataset 2.0\stanzaTrazparenteStuzzicadenti19.jpg</path>
	<source>
		<database>Unknown</database>
	</source>
	<size>
		<width>1600</width>
		<height>1200</height>
		<depth>3</depth>
	</size>
	<segmented>0</segmented>
	<object>
		<name>nera</name>
		<pose>Unspecified</pose>
		<truncated>0</truncated>
		<difficult>1</difficult>
		<bndbox>
			<xmin>324</xmin>
			<ymin>414</ymin>
			<xmax>483</xmax>
			<ymax>573</ymax>
		</bndbox>
	</object>
	<object>
		<name>bianca</name>
		<pose>Unspecified</pose>
		<truncated>0</truncated>
		<difficult>0</difficult>
		<bndbox>
			<xmin>1080</xmin>
			<ymin>339</ymin>
			<xmax>1323</xmax>
			<ymax>609</ymax>
		</bndbox>
	</object>
<folder>images</folder>
	<filename>maksssksksss131.jpg</filename>
	</annotation>