<annotation>
	<folder>images</folder>
	<filename>maksssksksss170.jpg</filename>
	<path>C:\Users\lucas\Desktop\dataset 2.0\new0.jpg</path>
	<source>
		<database>Unknown</database>
	</source>
	<size>
		<width>1600</width>
		<height>1200</height>
		<depth>3</depth>
	</size>
	<segmented>0</segmented>
	<object>
		<name>bianca</name>
		<pose>Unspecified</pose>
		<truncated>0</truncated>
		<difficult>0</difficult>
		<bndbox>
			<xmin>357</xmin>
			<ymin>175</ymin>
			<xmax>465</xmax>
			<ymax>286</ymax>
		</bndbox>
	</object>
	<object>
		<name>bianca</name>
		<pose>Unspecified</pose>
		<truncated>0</truncated>
		<difficult>0</difficult>
		<bndbox>
			<xmin>359</xmin>
			<ymin>191</ymin>
			<xmax>639</xmax>
			<ymax>461</ymax>
		</bndbox>
	</object>
	<object>
		<name>nera</name>
		<pose>Unspecified</pose>
		<truncated>0</truncated>
		<difficult>0</difficult>
		<bndbox>
			<xmin>998</xmin>
			<ymin>145</ymin>
			<xmax>1141</xmax>
			<ymax>269</ymax>
		</bndbox>
	</object>
<folder>images</folder>
	<filename>maksssksksss170.jpg</filename>
	</annotation>