<annotation>
	<folder>images</folder>
	<filename>maksssksksss118.jpg</filename>
	<path>C:\Users\lucas\Desktop\dataset 2.0\new32.jpg</path>
	<source>
		<database>Unknown</database>
	</source>
	<size>
		<width>1600</width>
		<height>1200</height>
		<depth>3</depth>
	</size>
	<segmented>0</segmented>
	<object>
		<name>nera</name>
		<pose>Unspecified</pose>
		<truncated>0</truncated>
		<difficult>0</difficult>
		<bndbox>
			<xmin>719</xmin>
			<ymin>224</ymin>
			<xmax>1120</xmax>
			<ymax>640</ymax>
		</bndbox>
	</object>
	<object>
		<name>bianca</name>
		<pose>Unspecified</pose>
		<truncated>0</truncated>
		<difficult>0</difficult>
		<bndbox>
			<xmin>1233</xmin>
			<ymin>224</ymin>
			<xmax>1533</xmax>
			<ymax>570</ymax>
		</bndbox>
	</object>
	<object>
		<name>bianca</name>
		<pose>Unspecified</pose>
		<truncated>0</truncated>
		<difficult>0</difficult>
		<bndbox>
			<xmin>352</xmin>
			<ymin>217</ymin>
			<xmax>606</xmax>
			<ymax>451</ymax>
		</bndbox>
	</object>
<folder>images</folder>
	<filename>maksssksksss118.jpg</filename>
	</annotation>