<annotation>
	<folder>images</folder>
	<filename>maksssksksss74.jpg</filename>
	<path>C:\Users\lucas\Desktop\dataset 2.0\stanzaTrazparenteStuzzicadenti52.jpg</path>
	<source>
		<database>Unknown</database>
	</source>
	<size>
		<width>1600</width>
		<height>1200</height>
		<depth>3</depth>
	</size>
	<segmented>0</segmented>
	<object>
		<name>nera</name>
		<pose>Unspecified</pose>
		<truncated>0</truncated>
		<difficult>0</difficult>
		<bndbox>
			<xmin>956</xmin>
			<ymin>310</ymin>
			<xmax>1095</xmax>
			<ymax>452</ymax>
		</bndbox>
	</object>
	<object>
		<name>bianca</name>
		<pose>Unspecified</pose>
		<truncated>0</truncated>
		<difficult>0</difficult>
		<bndbox>
			<xmin>628</xmin>
			<ymin>307</ymin>
			<xmax>743</xmax>
			<ymax>424</ymax>
		</bndbox>
	</object>
<folder>images</folder>
	<filename>maksssksksss74.jpg</filename>
	</annotation>