<annotation>
	<folder>images</folder>
	<filename>maksssksksss186.jpg</filename>
	<path>C:\Users\lucas\Desktop\dataset 2.0\stanzaTrazparenteStuzzicadenti17.jpg</path>
	<source>
		<database>Unknown</database>
	</source>
	<size>
		<width>1600</width>
		<height>1200</height>
		<depth>3</depth>
	</size>
	<segmented>0</segmented>
	<object>
		<name>bianca</name>
		<pose>Unspecified</pose>
		<truncated>0</truncated>
		<difficult>0</difficult>
		<bndbox>
			<xmin>769</xmin>
			<ymin>344</ymin>
			<xmax>1044</xmax>
			<ymax>610</ymax>
		</bndbox>
	</object>
	<object>
		<name>nera</name>
		<pose>Unspecified</pose>
		<truncated>0</truncated>
		<difficult>0</difficult>
		<bndbox>
			<xmin>1185</xmin>
			<ymin>296</ymin>
			<xmax>1285</xmax>
			<ymax>404</ymax>
		</bndbox>
	</object>
<folder>images</folder>
	<filename>maksssksksss186.jpg</filename>
	</annotation>