<annotation>
	<folder>images</folder>
	<filename>maksssksksss152.jpg</filename>
	<path>C:\Users\lucas\Desktop\dataset 2.0\stanzaBiancaOmbre10.jpg</path>
	<source>
		<database>Unknown</database>
	</source>
	<size>
		<width>1600</width>
		<height>1200</height>
		<depth>3</depth>
	</size>
	<segmented>0</segmented>
	<object>
		<name>bianca</name>
		<pose>Unspecified</pose>
		<truncated>0</truncated>
		<difficult>1</difficult>
		<bndbox>
			<xmin>754</xmin>
			<ymin>298</ymin>
			<xmax>943</xmax>
			<ymax>487</ymax>
		</bndbox>
	</object>
	<object>
		<name>nera</name>
		<pose>Unspecified</pose>
		<truncated>0</truncated>
		<difficult>0</difficult>
		<bndbox>
			<xmin>502</xmin>
			<ymin>297</ymin>
			<xmax>624</xmax>
			<ymax>419</ymax>
		</bndbox>
	</object>
	<object>
		<name>nera</name>
		<pose>Unspecified</pose>
		<truncated>0</truncated>
		<difficult>1</difficult>
		<bndbox>
			<xmin>733</xmin>
			<ymin>294</ymin>
			<xmax>818</xmax>
			<ymax>379</ymax>
		</bndbox>
	</object>
<folder>images</folder>
	<filename>maksssksksss152.jpg</filename>
	</annotation>