<annotation>
	<folder>dataset 2.0</folder>
	<filename>new45.jpg</filename>
	<path>C:\Users\lucas\Desktop\dataset 2.0\new45.jpg</path>
	<source>
		<database>Unknown</database>
	</source>
	<size>
		<width>1600</width>
		<height>1200</height>
		<depth>3</depth>
	</size>
	<segmented>0</segmented>
	<object>
		<name>bianca</name>
		<pose>Unspecified</pose>
		<truncated>0</truncated>
		<difficult>0</difficult>
		<bndbox>
			<xmin>743</xmin>
			<ymin>181</ymin>
			<xmax>1032</xmax>
			<ymax>464</ymax>
		</bndbox>
	</object>
	<object>
		<name>nera</name>
		<pose>Unspecified</pose>
		<truncated>0</truncated>
		<difficult>0</difficult>
		<bndbox>
			<xmin>1017</xmin>
			<ymin>189</ymin>
			<xmax>1271</xmax>
			<ymax>455</ymax>
		</bndbox>
	</object>
</annotation>
