<annotation>
	<folder>images</folder>
	<filename>maksssksksss272.jpg</filename>
	<path>C:\Users\lucas\Desktop\dataset 2.0\stanzaTrazparenteStuzzicadenti78.jpg</path>
	<source>
		<database>Unknown</database>
	</source>
	<size>
		<width>1600</width>
		<height>1200</height>
		<depth>3</depth>
	</size>
	<segmented>0</segmented>
	<object>
		<name>nera</name>
		<pose>Unspecified</pose>
		<truncated>0</truncated>
		<difficult>0</difficult>
		<bndbox>
			<xmin>929</xmin>
			<ymin>303</ymin>
			<xmax>1111</xmax>
			<ymax>481</ymax>
		</bndbox>
	</object>
	<object>
		<name>bianca</name>
		<pose>Unspecified</pose>
		<truncated>0</truncated>
		<difficult>0</difficult>
		<bndbox>
			<xmin>340</xmin>
			<ymin>310</ymin>
			<xmax>487</xmax>
			<ymax>459</ymax>
		</bndbox>
	</object>
<folder>images</folder>
	<filename>maksssksksss272.jpg</filename>
	</annotation>