<annotation>
	<folder>dataset 2.0</folder>
	<filename>luceBlu5.jpg</filename>
	<path>C:\Users\lucas\Desktop\dataset 2.0\luceBlu5.jpg</path>
	<source>
		<database>Unknown</database>
	</source>
	<size>
		<width>1600</width>
		<height>1200</height>
		<depth>3</depth>
	</size>
	<segmented>0</segmented>
	<object>
		<name>nera</name>
		<pose>Unspecified</pose>
		<truncated>0</truncated>
		<difficult>0</difficult>
		<bndbox>
			<xmin>733</xmin>
			<ymin>335</ymin>
			<xmax>934</xmax>
			<ymax>533</ymax>
		</bndbox>
	</object>
	<object>
		<name>nera</name>
		<pose>Unspecified</pose>
		<truncated>0</truncated>
		<difficult>0</difficult>
		<bndbox>
			<xmin>943</xmin>
			<ymin>421</ymin>
			<xmax>1422</xmax>
			<ymax>898</ymax>
		</bndbox>
	</object>
	<object>
		<name>bianca</name>
		<pose>Unspecified</pose>
		<truncated>0</truncated>
		<difficult>0</difficult>
		<bndbox>
			<xmin>1166</xmin>
			<ymin>317</ymin>
			<xmax>1350</xmax>
			<ymax>486</ymax>
		</bndbox>
	</object>
</annotation>
