<annotation>
	<folder>images</folder>
	<filename>maksssksksss195.jpg</filename>
	<path>C:\Users\lucas\Desktop\dataset 2.0\stanzaTrazparenteStuzzicadenti69.jpg</path>
	<source>
		<database>Unknown</database>
	</source>
	<size>
		<width>1600</width>
		<height>1200</height>
		<depth>3</depth>
	</size>
	<segmented>0</segmented>
	<object>
		<name>bianca</name>
		<pose>Unspecified</pose>
		<truncated>0</truncated>
		<difficult>0</difficult>
		<bndbox>
			<xmin>467</xmin>
			<ymin>65</ymin>
			<xmax>613</xmax>
			<ymax>206</ymax>
		</bndbox>
	</object>
	<object>
		<name>nera</name>
		<pose>Unspecified</pose>
		<truncated>0</truncated>
		<difficult>0</difficult>
		<bndbox>
			<xmin>1050</xmin>
			<ymin>36</ymin>
			<xmax>1207</xmax>
			<ymax>190</ymax>
		</bndbox>
	</object>
<folder>images</folder>
	<filename>maksssksksss195.jpg</filename>
	</annotation>