<annotation>
	<folder>images</folder>
	<filename>maksssksksss100.jpg</filename>
	<path>C:\Users\lucas\Desktop\dataset 2.0\new99.jpg</path>
	<source>
		<database>Unknown</database>
	</source>
	<size>
		<width>1600</width>
		<height>1200</height>
		<depth>3</depth>
	</size>
	<segmented>0</segmented>
	<object>
		<name>bianca</name>
		<pose>Unspecified</pose>
		<truncated>1</truncated>
		<difficult>0</difficult>
		<bndbox>
			<xmin>1510</xmin>
			<ymin>278</ymin>
			<xmax>1600</xmax>
			<ymax>524</ymax>
		</bndbox>
	</object>
	<object>
		<name>bianca</name>
		<pose>Unspecified</pose>
		<truncated>0</truncated>
		<difficult>0</difficult>
		<bndbox>
			<xmin>577</xmin>
			<ymin>169</ymin>
			<xmax>725</xmax>
			<ymax>322</ymax>
		</bndbox>
	</object>
<folder>images</folder>
	<filename>maksssksksss100.jpg</filename>
	</annotation>