<annotation>
	<folder>images</folder>
	<filename>maksssksksss248.jpg</filename>
	<path>C:\Users\lucas\Desktop\dataset 2.0\stanzaBianca23.jpg</path>
	<source>
		<database>Unknown</database>
	</source>
	<size>
		<width>1600</width>
		<height>1200</height>
		<depth>3</depth>
	</size>
	<segmented>0</segmented>
	<object>
		<name>bianca</name>
		<pose>Unspecified</pose>
		<truncated>0</truncated>
		<difficult>1</difficult>
		<bndbox>
			<xmin>778</xmin>
			<ymin>45</ymin>
			<xmax>1038</xmax>
			<ymax>305</ymax>
		</bndbox>
	</object>
	<object>
		<name>nera</name>
		<pose>Unspecified</pose>
		<truncated>1</truncated>
		<difficult>0</difficult>
		<bndbox>
			<xmin>1209</xmin>
			<ymin>151</ymin>
			<xmax>1600</xmax>
			<ymax>599</ymax>
		</bndbox>
	</object>
	<object>
		<name>nera</name>
		<pose>Unspecified</pose>
		<truncated>0</truncated>
		<difficult>0</difficult>
		<bndbox>
			<xmin>293</xmin>
			<ymin>104</ymin>
			<xmax>513</xmax>
			<ymax>323</ymax>
		</bndbox>
	</object>
<folder>images</folder>
	<filename>maksssksksss248.jpg</filename>
	</annotation>