<annotation>
	<folder>images</folder>
	<filename>maksssksksss133.jpg</filename>
	<path>C:\Users\lucas\Desktop\dataset 2.0\stanzaTrazparenteStuzzicadenti64.jpg</path>
	<source>
		<database>Unknown</database>
	</source>
	<size>
		<width>1600</width>
		<height>1200</height>
		<depth>3</depth>
	</size>
	<segmented>0</segmented>
	<object>
		<name>bianca</name>
		<pose>Unspecified</pose>
		<truncated>0</truncated>
		<difficult>0</difficult>
		<bndbox>
			<xmin>380</xmin>
			<ymin>75</ymin>
			<xmax>550</xmax>
			<ymax>251</ymax>
		</bndbox>
	</object>
	<object>
		<name>bianca</name>
		<pose>Unspecified</pose>
		<truncated>0</truncated>
		<difficult>0</difficult>
		<bndbox>
			<xmin>971</xmin>
			<ymin>28</ymin>
			<xmax>1218</xmax>
			<ymax>252</ymax>
		</bndbox>
	</object>
<folder>images</folder>
	<filename>maksssksksss133.jpg</filename>
	</annotation>