<annotation>
	<folder>images</folder>
	<filename>maksssksksss223.jpg</filename>
	<path>C:\Users\lucas\Desktop\dataset 2.0\new96.jpg</path>
	<source>
		<database>Unknown</database>
	</source>
	<size>
		<width>1600</width>
		<height>1200</height>
		<depth>3</depth>
	</size>
	<segmented>0</segmented>
	<object>
		<name>bianca</name>
		<pose>Unspecified</pose>
		<truncated>0</truncated>
		<difficult>0</difficult>
		<bndbox>
			<xmin>96</xmin>
			<ymin>287</ymin>
			<xmax>404</xmax>
			<ymax>656</ymax>
		</bndbox>
	</object>
	<object>
		<name>nera</name>
		<pose>Unspecified</pose>
		<truncated>0</truncated>
		<difficult>0</difficult>
		<bndbox>
			<xmin>969</xmin>
			<ymin>135</ymin>
			<xmax>1087</xmax>
			<ymax>259</ymax>
		</bndbox>
	</object>
<folder>images</folder>
	<filename>maksssksksss223.jpg</filename>
	</annotation>