<annotation>
	<folder>images</folder>
	<filename>maksssksksss225.jpg</filename>
	<path>C:\Users\lucas\Desktop\dataset 2.0\stanzaBiancastuzzicadenti27.jpg</path>
	<source>
		<database>Unknown</database>
	</source>
	<size>
		<width>1600</width>
		<height>1200</height>
		<depth>3</depth>
	</size>
	<segmented>0</segmented>
	<object>
		<name>bianca</name>
		<pose>Unspecified</pose>
		<truncated>0</truncated>
		<difficult>0</difficult>
		<bndbox>
			<xmin>720</xmin>
			<ymin>316</ymin>
			<xmax>990</xmax>
			<ymax>580</ymax>
		</bndbox>
	</object>
	<object>
		<name>bianca</name>
		<pose>Unspecified</pose>
		<truncated>0</truncated>
		<difficult>0</difficult>
		<bndbox>
			<xmin>1448</xmin>
			<ymin>322</ymin>
			<xmax>1564</xmax>
			<ymax>466</ymax>
		</bndbox>
	</object>
<folder>images</folder>
	<filename>maksssksksss225.jpg</filename>
	</annotation>