<annotation>
	<folder>images</folder>
	<filename>maksssksksss52.jpg</filename>
	<path>C:\Users\lucas\Desktop\dataset 2.0\new33.jpg</path>
	<source>
		<database>Unknown</database>
	</source>
	<size>
		<width>1600</width>
		<height>1200</height>
		<depth>3</depth>
	</size>
	<segmented>0</segmented>
	<object>
		<name>nera</name>
		<pose>Unspecified</pose>
		<truncated>0</truncated>
		<difficult>0</difficult>
		<bndbox>
			<xmin>813</xmin>
			<ymin>219</ymin>
			<xmax>1185</xmax>
			<ymax>598</ymax>
		</bndbox>
	</object>
	<object>
		<name>bianca</name>
		<pose>Unspecified</pose>
		<truncated>0</truncated>
		<difficult>0</difficult>
		<bndbox>
			<xmin>1238</xmin>
			<ymin>227</ymin>
			<xmax>1538</xmax>
			<ymax>558</ymax>
		</bndbox>
	</object>
<folder>images</folder>
	<filename>maksssksksss52.jpg</filename>
	</annotation>