<annotation>
	<folder>images</folder>
	<filename>maksssksksss227.jpg</filename>
	<path>C:\Users\lucas\Desktop\dataset 2.0\new87.jpg</path>
	<source>
		<database>Unknown</database>
	</source>
	<size>
		<width>1600</width>
		<height>1200</height>
		<depth>3</depth>
	</size>
	<segmented>0</segmented>
	<object>
		<name>nera</name>
		<pose>Unspecified</pose>
		<truncated>0</truncated>
		<difficult>0</difficult>
		<bndbox>
			<xmin>726</xmin>
			<ymin>167</ymin>
			<xmax>903</xmax>
			<ymax>343</ymax>
		</bndbox>
	</object>
	<object>
		<name>bianca</name>
		<pose>Unspecified</pose>
		<truncated>0</truncated>
		<difficult>0</difficult>
		<bndbox>
			<xmin>445</xmin>
			<ymin>195</ymin>
			<xmax>529</xmax>
			<ymax>303</ymax>
		</bndbox>
	</object>
<folder>images</folder>
	<filename>maksssksksss227.jpg</filename>
	</annotation>