<annotation>
	<folder>images</folder>
	<filename>maksssksksss218.jpg</filename>
	<path>C:\Users\lucas\Desktop\dataset 2.0\new98.jpg</path>
	<source>
		<database>Unknown</database>
	</source>
	<size>
		<width>1600</width>
		<height>1200</height>
		<depth>3</depth>
	</size>
	<segmented>0</segmented>
	<object>
		<name>bianca</name>
		<pose>Unspecified</pose>
		<truncated>0</truncated>
		<difficult>0</difficult>
		<bndbox>
			<xmin>790</xmin>
			<ymin>182</ymin>
			<xmax>1100</xmax>
			<ymax>487</ymax>
		</bndbox>
	</object>
	<object>
		<name>nera</name>
		<pose>Unspecified</pose>
		<truncated>0</truncated>
		<difficult>0</difficult>
		<bndbox>
			<xmin>382</xmin>
			<ymin>224</ymin>
			<xmax>603</xmax>
			<ymax>467</ymax>
		</bndbox>
	</object>
<folder>images</folder>
	<filename>maksssksksss218.jpg</filename>
	</annotation>