<annotation>
	<folder>images</folder>
	<filename>maksssksksss269.jpg</filename>
	<path>C:\Users\lucas\Desktop\dataset 2.0\stanzaTrazparenteStuzzicadenti46.jpg</path>
	<source>
		<database>Unknown</database>
	</source>
	<size>
		<width>1600</width>
		<height>1200</height>
		<depth>3</depth>
	</size>
	<segmented>0</segmented>
	<object>
		<name>bianca</name>
		<pose>Unspecified</pose>
		<truncated>0</truncated>
		<difficult>0</difficult>
		<bndbox>
			<xmin>277</xmin>
			<ymin>370</ymin>
			<xmax>394</xmax>
			<ymax>472</ymax>
		</bndbox>
	</object>
	<object>
		<name>nera</name>
		<pose>Unspecified</pose>
		<truncated>0</truncated>
		<difficult>0</difficult>
		<bndbox>
			<xmin>1173</xmin>
			<ymin>328</ymin>
			<xmax>1323</xmax>
			<ymax>489</ymax>
		</bndbox>
	</object>
<folder>images</folder>
	<filename>maksssksksss269.jpg</filename>
	</annotation>