<annotation>
	<folder>images</folder>
	<filename>maksssksksss63.jpg</filename>
	<path>C:\Users\lucas\Desktop\dataset 2.0\new100.jpg</path>
	<source>
		<database>Unknown</database>
	</source>
	<size>
		<width>1600</width>
		<height>1200</height>
		<depth>3</depth>
	</size>
	<segmented>0</segmented>
	<object>
		<name>bianca</name>
		<pose>Unspecified</pose>
		<truncated>0</truncated>
		<difficult>0</difficult>
		<bndbox>
			<xmin>730</xmin>
			<ymin>152</ymin>
			<xmax>892</xmax>
			<ymax>320</ymax>
		</bndbox>
	</object>
<folder>images</folder>
	<filename>maksssksksss63.jpg</filename>
	</annotation>