<annotation>
	<folder>images</folder>
	<filename>maksssksksss224.jpg</filename>
	<path>C:\Users\lucas\Desktop\dataset 2.0\new31.jpg</path>
	<source>
		<database>Unknown</database>
	</source>
	<size>
		<width>1600</width>
		<height>1200</height>
		<depth>3</depth>
	</size>
	<segmented>0</segmented>
	<object>
		<name>bianca</name>
		<pose>Unspecified</pose>
		<truncated>0</truncated>
		<difficult>0</difficult>
		<bndbox>
			<xmin>350</xmin>
			<ymin>219</ymin>
			<xmax>604</xmax>
			<ymax>458</ymax>
		</bndbox>
	</object>
	<object>
		<name>bianca</name>
		<pose>Unspecified</pose>
		<truncated>0</truncated>
		<difficult>0</difficult>
		<bndbox>
			<xmin>1243</xmin>
			<ymin>228</ymin>
			<xmax>1532</xmax>
			<ymax>558</ymax>
		</bndbox>
	</object>
	<object>
		<name>nera</name>
		<pose>Unspecified</pose>
		<truncated>0</truncated>
		<difficult>0</difficult>
		<bndbox>
			<xmin>927</xmin>
			<ymin>151</ymin>
			<xmax>1085</xmax>
			<ymax>303</ymax>
		</bndbox>
	</object>
<folder>images</folder>
	<filename>maksssksksss224.jpg</filename>
	</annotation>