<annotation>
	<folder>images</folder>
	<filename>maksssksksss55.jpg</filename>
	<path>C:\Users\lucas\Desktop\dataset 2.0\new82.jpg</path>
	<source>
		<database>Unknown</database>
	</source>
	<size>
		<width>1600</width>
		<height>1200</height>
		<depth>3</depth>
	</size>
	<segmented>0</segmented>
	<object>
		<name>bianca</name>
		<pose>Unspecified</pose>
		<truncated>0</truncated>
		<difficult>0</difficult>
		<bndbox>
			<xmin>518</xmin>
			<ymin>211</ymin>
			<xmax>873</xmax>
			<ymax>554</ymax>
		</bndbox>
	</object>
	<object>
		<name>nera</name>
		<pose>Unspecified</pose>
		<truncated>0</truncated>
		<difficult>1</difficult>
		<bndbox>
			<xmin>1246</xmin>
			<ymin>198</ymin>
			<xmax>1453</xmax>
			<ymax>404</ymax>
		</bndbox>
	</object>
<folder>images</folder>
	<filename>maksssksksss55.jpg</filename>
	</annotation>