<annotation>
	<folder>images</folder>
	<filename>maksssksksss176.jpg</filename>
	<path>C:\Users\lucas\Desktop\dataset 2.0\stanzaTrazparenteStuzzicadenti14.jpg</path>
	<source>
		<database>Unknown</database>
	</source>
	<size>
		<width>1600</width>
		<height>1200</height>
		<depth>3</depth>
	</size>
	<segmented>0</segmented>
	<object>
		<name>bianca</name>
		<pose>Unspecified</pose>
		<truncated>0</truncated>
		<difficult>0</difficult>
		<bndbox>
			<xmin>270</xmin>
			<ymin>381</ymin>
			<xmax>473</xmax>
			<ymax>584</ymax>
		</bndbox>
	</object>
	<object>
		<name>nera</name>
		<pose>Unspecified</pose>
		<truncated>0</truncated>
		<difficult>0</difficult>
		<bndbox>
			<xmin>1305</xmin>
			<ymin>353</ymin>
			<xmax>1463</xmax>
			<ymax>511</ymax>
		</bndbox>
	</object>
<folder>images</folder>
	<filename>maksssksksss176.jpg</filename>
	</annotation>