<annotation>
	<folder>images</folder>
	<filename>maksssksksss249.jpg</filename>
	<path>C:\Users\lucas\Desktop\dataset 2.0\new9.jpg</path>
	<source>
		<database>Unknown</database>
	</source>
	<size>
		<width>1600</width>
		<height>1200</height>
		<depth>3</depth>
	</size>
	<segmented>0</segmented>
	<object>
		<name>bianca</name>
		<pose>Unspecified</pose>
		<truncated>0</truncated>
		<difficult>0</difficult>
		<bndbox>
			<xmin>534</xmin>
			<ymin>175</ymin>
			<xmax>685</xmax>
			<ymax>325</ymax>
		</bndbox>
	</object>
	<object>
		<name>nera</name>
		<pose>Unspecified</pose>
		<truncated>0</truncated>
		<difficult>0</difficult>
		<bndbox>
			<xmin>1053</xmin>
			<ymin>182</ymin>
			<xmax>1248</xmax>
			<ymax>381</ymax>
		</bndbox>
	</object>
	<object>
		<name>bianca</name>
		<pose>Unspecified</pose>
		<truncated>1</truncated>
		<difficult>0</difficult>
		<bndbox>
			<xmin>1</xmin>
			<ymin>380</ymin>
			<xmax>65</xmax>
			<ymax>576</ymax>
		</bndbox>
	</object>
<folder>images</folder>
	<filename>maksssksksss249.jpg</filename>
	</annotation>