<annotation>
	<folder>images</folder>
	<filename>maksssksksss168.jpg</filename>
	<path>C:\Users\lucas\Desktop\dataset 2.0\new81.jpg</path>
	<source>
		<database>Unknown</database>
	</source>
	<size>
		<width>1600</width>
		<height>1200</height>
		<depth>3</depth>
	</size>
	<segmented>0</segmented>
	<object>
		<name>bianca</name>
		<pose>Unspecified</pose>
		<truncated>0</truncated>
		<difficult>0</difficult>
		<bndbox>
			<xmin>368</xmin>
			<ymin>238</ymin>
			<xmax>725</xmax>
			<ymax>586</ymax>
		</bndbox>
	</object>
	<object>
		<name>nera</name>
		<pose>Unspecified</pose>
		<truncated>0</truncated>
		<difficult>0</difficult>
		<bndbox>
			<xmin>846</xmin>
			<ymin>158</ymin>
			<xmax>1018</xmax>
			<ymax>329</ymax>
		</bndbox>
	</object>
<folder>images</folder>
	<filename>maksssksksss168.jpg</filename>
	</annotation>