<annotation>
	<folder>images</folder>
	<filename>maksssksksss41.jpg</filename>
	<path>C:\Users\lucas\Desktop\dataset 2.0\stanzaTrazparenteStuzzicadenti13.jpg</path>
	<source>
		<database>Unknown</database>
	</source>
	<size>
		<width>1600</width>
		<height>1200</height>
		<depth>3</depth>
	</size>
	<segmented>0</segmented>
	<object>
		<name>bianca</name>
		<pose>Unspecified</pose>
		<truncated>0</truncated>
		<difficult>0</difficult>
		<bndbox>
			<xmin>648</xmin>
			<ymin>307</ymin>
			<xmax>740</xmax>
			<ymax>401</ymax>
		</bndbox>
	</object>
	<object>
		<name>bianca</name>
		<pose>Unspecified</pose>
		<truncated>0</truncated>
		<difficult>0</difficult>
		<bndbox>
			<xmin>997</xmin>
			<ymin>283</ymin>
			<xmax>1086</xmax>
			<ymax>365</ymax>
		</bndbox>
	</object>
	<object>
		<name>nera</name>
		<pose>Unspecified</pose>
		<truncated>0</truncated>
		<difficult>1</difficult>
		<bndbox>
			<xmin>1409</xmin>
			<ymin>324</ymin>
			<xmax>1469</xmax>
			<ymax>392</ymax>
		</bndbox>
	</object>
<folder>images</folder>
	<filename>maksssksksss41.jpg</filename>
	</annotation>