<annotation>
	<folder>images</folder>
	<filename>maksssksksss191.jpg</filename>
	<path>C:\Users\lucas\Desktop\dataset 2.0\stanzaTrazparenteStuzzicadenti18.jpg</path>
	<source>
		<database>Unknown</database>
	</source>
	<size>
		<width>1600</width>
		<height>1200</height>
		<depth>3</depth>
	</size>
	<segmented>0</segmented>
	<object>
		<name>nera</name>
		<pose>Unspecified</pose>
		<truncated>0</truncated>
		<difficult>1</difficult>
		<bndbox>
			<xmin>828</xmin>
			<ymin>351</ymin>
			<xmax>1086</xmax>
			<ymax>588</ymax>
		</bndbox>
	</object>
	<object>
		<name>nera</name>
		<pose>Unspecified</pose>
		<truncated>1</truncated>
		<difficult>1</difficult>
		<bndbox>
			<xmin>1</xmin>
			<ymin>459</ymin>
			<xmax>129</xmax>
			<ymax>589</ymax>
		</bndbox>
	</object>
<folder>images</folder>
	<filename>maksssksksss191.jpg</filename>
	</annotation>