<annotation>
	<folder>images</folder>
	<filename>maksssksksss106.jpg</filename>
	<path>C:\Users\lucas\Desktop\dataset 2.0\stanzaBiancastuzzicadenti4.jpg</path>
	<source>
		<database>Unknown</database>
	</source>
	<size>
		<width>1600</width>
		<height>1200</height>
		<depth>3</depth>
	</size>
	<segmented>0</segmented>
	<object>
		<name>bianca</name>
		<pose>Unspecified</pose>
		<truncated>0</truncated>
		<difficult>0</difficult>
		<bndbox>
			<xmin>1184</xmin>
			<ymin>272</ymin>
			<xmax>1260</xmax>
			<ymax>347</ymax>
		</bndbox>
	</object>
	<object>
		<name>nera</name>
		<pose>Unspecified</pose>
		<truncated>0</truncated>
		<difficult>0</difficult>
		<bndbox>
			<xmin>1120</xmin>
			<ymin>265</ymin>
			<xmax>1175</xmax>
			<ymax>324</ymax>
		</bndbox>
	</object>
	<object>
		<name>bianca</name>
		<pose>Unspecified</pose>
		<truncated>0</truncated>
		<difficult>1</difficult>
		<bndbox>
			<xmin>767</xmin>
			<ymin>281</ymin>
			<xmax>832</xmax>
			<ymax>348</ymax>
		</bndbox>
	</object>
<folder>images</folder>
	<filename>maksssksksss106.jpg</filename>
	</annotation>