<annotation>
	<folder>dataset 2.0</folder>
	<filename>stanzaBianca8.jpg</filename>
	<path>C:\Users\lucas\Desktop\dataset 2.0\stanzaBianca8.jpg</path>
	<source>
		<database>Unknown</database>
	</source>
	<size>
		<width>1600</width>
		<height>1200</height>
		<depth>3</depth>
	</size>
	<segmented>0</segmented>
	<object>
		<name>nera</name>
		<pose>Unspecified</pose>
		<truncated>0</truncated>
		<difficult>0</difficult>
		<bndbox>
			<xmin>322</xmin>
			<ymin>106</ymin>
			<xmax>523</xmax>
			<ymax>307</ymax>
		</bndbox>
	</object>
	<object>
		<name>nera</name>
		<pose>Unspecified</pose>
		<truncated>0</truncated>
		<difficult>0</difficult>
		<bndbox>
			<xmin>493</xmin>
			<ymin>65</ymin>
			<xmax>652</xmax>
			<ymax>224</ymax>
		</bndbox>
	</object>
	<object>
		<name>bianca</name>
		<pose>Unspecified</pose>
		<truncated>0</truncated>
		<difficult>0</difficult>
		<bndbox>
			<xmin>1050</xmin>
			<ymin>78</ymin>
			<xmax>1352</xmax>
			<ymax>380</ymax>
		</bndbox>
	</object>
	<object>
		<name>bianca</name>
		<pose>Unspecified</pose>
		<truncated>0</truncated>
		<difficult>0</difficult>
		<bndbox>
			<xmin>1034</xmin>
			<ymin>37</ymin>
			<xmax>1135</xmax>
			<ymax>138</ymax>
		</bndbox>
	</object>
</annotation>
