<annotation>
	<folder>dataset 2.0</folder>
	<filename>stanzaBiancastuzzicadenti11.jpg</filename>
	<path>C:\Users\lucas\Desktop\dataset 2.0\stanzaBiancastuzzicadenti11.jpg</path>
	<source>
		<database>Unknown</database>
	</source>
	<size>
		<width>1600</width>
		<height>1200</height>
		<depth>3</depth>
	</size>
	<segmented>0</segmented>
	<object>
		<name>bianca</name>
		<pose>Unspecified</pose>
		<truncated>0</truncated>
		<difficult>0</difficult>
		<bndbox>
			<xmin>756</xmin>
			<ymin>270</ymin>
			<xmax>1009</xmax>
			<ymax>519</ymax>
		</bndbox>
	</object>
	<object>
		<name>nera</name>
		<pose>Unspecified</pose>
		<truncated>0</truncated>
		<difficult>0</difficult>
		<bndbox>
			<xmin>1105</xmin>
			<ymin>293</ymin>
			<xmax>1299</xmax>
			<ymax>472</ymax>
		</bndbox>
	</object>
	<object>
		<name>bianca</name>
		<pose>Unspecified</pose>
		<truncated>0</truncated>
		<difficult>0</difficult>
		<bndbox>
			<xmin>573</xmin>
			<ymin>260</ymin>
			<xmax>663</xmax>
			<ymax>343</ymax>
		</bndbox>
	</object>
</annotation>
