<annotation>
	<folder>images</folder>
	<filename>maksssksksss42.jpg</filename>
	<path>C:\Users\lucas\Desktop\dataset 2.0\new90.jpg</path>
	<source>
		<database>Unknown</database>
	</source>
	<size>
		<width>1600</width>
		<height>1200</height>
		<depth>3</depth>
	</size>
	<segmented>0</segmented>
	<object>
		<name>bianca</name>
		<pose>Unspecified</pose>
		<truncated>0</truncated>
		<difficult>0</difficult>
		<bndbox>
			<xmin>937</xmin>
			<ymin>172</ymin>
			<xmax>1116</xmax>
			<ymax>348</ymax>
		</bndbox>
	</object>
	<object>
		<name>nera</name>
		<pose>Unspecified</pose>
		<truncated>0</truncated>
		<difficult>0</difficult>
		<bndbox>
			<xmin>351</xmin>
			<ymin>224</ymin>
			<xmax>473</xmax>
			<ymax>348</ymax>
		</bndbox>
	</object>
	<object>
		<name>bianca</name>
		<pose>Unspecified</pose>
		<truncated>0</truncated>
		<difficult>0</difficult>
		<bndbox>
			<xmin>110</xmin>
			<ymin>280</ymin>
			<xmax>242</xmax>
			<ymax>441</ymax>
		</bndbox>
	</object>
	<object>
		<name>nera</name>
		<pose>Unspecified</pose>
		<truncated>0</truncated>
		<difficult>1</difficult>
		<bndbox>
			<xmin>1238</xmin>
			<ymin>175</ymin>
			<xmax>1339</xmax>
			<ymax>286</ymax>
		</bndbox>
	</object>
<folder>images</folder>
	<filename>maksssksksss42.jpg</filename>
	</annotation>