<annotation>
	<folder>images</folder>
	<filename>maksssksksss247.jpg</filename>
	<path>C:\Users\lucas\Desktop\dataset 2.0\new62.jpg</path>
	<source>
		<database>Unknown</database>
	</source>
	<size>
		<width>1600</width>
		<height>1200</height>
		<depth>3</depth>
	</size>
	<segmented>0</segmented>
	<object>
		<name>nera</name>
		<pose>Unspecified</pose>
		<truncated>0</truncated>
		<difficult>0</difficult>
		<bndbox>
			<xmin>217</xmin>
			<ymin>243</ymin>
			<xmax>325</xmax>
			<ymax>367</ymax>
		</bndbox>
	</object>
	<object>
		<name>bianca</name>
		<pose>Unspecified</pose>
		<truncated>0</truncated>
		<difficult>0</difficult>
		<bndbox>
			<xmin>1143</xmin>
			<ymin>171</ymin>
			<xmax>1325</xmax>
			<ymax>366</ymax>
		</bndbox>
	</object>
	<object>
		<name>bianca</name>
		<pose>Unspecified</pose>
		<truncated>0</truncated>
		<difficult>0</difficult>
		<bndbox>
			<xmin>1030</xmin>
			<ymin>135</ymin>
			<xmax>1109</xmax>
			<ymax>209</ymax>
		</bndbox>
	</object>
	<object>
		<name>nera</name>
		<pose>Unspecified</pose>
		<truncated>0</truncated>
		<difficult>0</difficult>
		<bndbox>
			<xmin>768</xmin>
			<ymin>141</ymin>
			<xmax>836</xmax>
			<ymax>214</ymax>
		</bndbox>
	</object>
<folder>images</folder>
	<filename>maksssksksss247.jpg</filename>
	</annotation>