<annotation>
	<folder>images</folder>
	<filename>maksssksksss128.jpg</filename>
	<path>C:\Users\lucas\Desktop\dataset 2.0\new39.jpg</path>
	<source>
		<database>Unknown</database>
	</source>
	<size>
		<width>1600</width>
		<height>1200</height>
		<depth>3</depth>
	</size>
	<segmented>0</segmented>
	<object>
		<name>nera</name>
		<pose>Unspecified</pose>
		<truncated>0</truncated>
		<difficult>0</difficult>
		<bndbox>
			<xmin>738</xmin>
			<ymin>213</ymin>
			<xmax>1094</xmax>
			<ymax>567</ymax>
		</bndbox>
	</object>
<folder>images</folder>
	<filename>maksssksksss128.jpg</filename>
	</annotation>