<annotation>
	<folder>images</folder>
	<filename>maksssksksss119.jpg</filename>
	<path>C:\Users\lucas\Desktop\dataset 2.0\stanzaTrazparenteStuzzicadenti8.jpg</path>
	<source>
		<database>Unknown</database>
	</source>
	<size>
		<width>1600</width>
		<height>1200</height>
		<depth>3</depth>
	</size>
	<segmented>0</segmented>
	<object>
		<name>nera</name>
		<pose>Unspecified</pose>
		<truncated>1</truncated>
		<difficult>1</difficult>
		<bndbox>
			<xmin>1512</xmin>
			<ymin>358</ymin>
			<xmax>1600</xmax>
			<ymax>457</ymax>
		</bndbox>
	</object>
	<object>
		<name>nera</name>
		<pose>Unspecified</pose>
		<truncated>0</truncated>
		<difficult>1</difficult>
		<bndbox>
			<xmin>1350</xmin>
			<ymin>301</ymin>
			<xmax>1436</xmax>
			<ymax>402</ymax>
		</bndbox>
	</object>
	<object>
		<name>bianca</name>
		<pose>Unspecified</pose>
		<truncated>0</truncated>
		<difficult>0</difficult>
		<bndbox>
			<xmin>952</xmin>
			<ymin>277</ymin>
			<xmax>1027</xmax>
			<ymax>356</ymax>
		</bndbox>
	</object>
	<object>
		<name>bianca</name>
		<pose>Unspecified</pose>
		<truncated>0</truncated>
		<difficult>0</difficult>
		<bndbox>
			<xmin>612</xmin>
			<ymin>308</ymin>
			<xmax>686</xmax>
			<ymax>381</ymax>
		</bndbox>
	</object>
<folder>images</folder>
	<filename>maksssksksss119.jpg</filename>
	</annotation>