<annotation>
	<folder>images</folder>
	<filename>maksssksksss125.jpg</filename>
	<path>C:\Users\lucas\Desktop\dataset 2.0\new85.jpg</path>
	<source>
		<database>Unknown</database>
	</source>
	<size>
		<width>1600</width>
		<height>1200</height>
		<depth>3</depth>
	</size>
	<segmented>0</segmented>
	<object>
		<name>nera</name>
		<pose>Unspecified</pose>
		<truncated>0</truncated>
		<difficult>0</difficult>
		<bndbox>
			<xmin>788</xmin>
			<ymin>167</ymin>
			<xmax>981</xmax>
			<ymax>365</ymax>
		</bndbox>
	</object>
	<object>
		<name>bianca</name>
		<pose>Unspecified</pose>
		<truncated>0</truncated>
		<difficult>0</difficult>
		<bndbox>
			<xmin>1166</xmin>
			<ymin>186</ymin>
			<xmax>1397</xmax>
			<ymax>433</ymax>
		</bndbox>
	</object>
<folder>images</folder>
	<filename>maksssksksss125.jpg</filename>
	</annotation>