<annotation>
	<folder>images</folder>
	<filename>maksssksksss246.jpg</filename>
	<path>C:\Users\lucas\Desktop\dataset 2.0\new66.jpg</path>
	<source>
		<database>Unknown</database>
	</source>
	<size>
		<width>1600</width>
		<height>1200</height>
		<depth>3</depth>
	</size>
	<segmented>0</segmented>
	<object>
		<name>nera</name>
		<pose>Unspecified</pose>
		<truncated>0</truncated>
		<difficult>0</difficult>
		<bndbox>
			<xmin>307</xmin>
			<ymin>222</ymin>
			<xmax>492</xmax>
			<ymax>436</ymax>
		</bndbox>
	</object>
	<object>
		<name>bianca</name>
		<pose>Unspecified</pose>
		<truncated>0</truncated>
		<difficult>0</difficult>
		<bndbox>
			<xmin>664</xmin>
			<ymin>153</ymin>
			<xmax>802</xmax>
			<ymax>285</ymax>
		</bndbox>
	</object>
	<object>
		<name>nera</name>
		<pose>Unspecified</pose>
		<truncated>0</truncated>
		<difficult>0</difficult>
		<bndbox>
			<xmin>881</xmin>
			<ymin>144</ymin>
			<xmax>988</xmax>
			<ymax>240</ymax>
		</bndbox>
	</object>
<folder>images</folder>
	<filename>maksssksksss246.jpg</filename>
	</annotation>