<annotation>
	<folder>images</folder>
	<filename>maksssksksss101.jpg</filename>
	<path>C:\Users\lucas\Desktop\dataset 2.0\new55.jpg</path>
	<source>
		<database>Unknown</database>
	</source>
	<size>
		<width>1600</width>
		<height>1200</height>
		<depth>3</depth>
	</size>
	<segmented>0</segmented>
	<object>
		<name>nera</name>
		<pose>Unspecified</pose>
		<truncated>0</truncated>
		<difficult>0</difficult>
		<bndbox>
			<xmin>88</xmin>
			<ymin>323</ymin>
			<xmax>429</xmax>
			<ymax>702</ymax>
		</bndbox>
	</object>
	<object>
		<name>bianca</name>
		<pose>Unspecified</pose>
		<truncated>0</truncated>
		<difficult>0</difficult>
		<bndbox>
			<xmin>685</xmin>
			<ymin>227</ymin>
			<xmax>1185</xmax>
			<ymax>699</ymax>
		</bndbox>
	</object>
	<object>
		<name>nera</name>
		<pose>Unspecified</pose>
		<truncated>0</truncated>
		<difficult>0</difficult>
		<bndbox>
			<xmin>1037</xmin>
			<ymin>202</ymin>
			<xmax>1279</xmax>
			<ymax>516</ymax>
		</bndbox>
	</object>
<folder>images</folder>
	<filename>maksssksksss101.jpg</filename>
	</annotation>