<annotation>
	<folder>images</folder>
	<filename>maksssksksss16.jpg</filename>
	<path>C:\Users\lucas\Desktop\dataset 2.0\new67.jpg</path>
	<source>
		<database>Unknown</database>
	</source>
	<size>
		<width>1600</width>
		<height>1200</height>
		<depth>3</depth>
	</size>
	<segmented>0</segmented>
	<object>
		<name>nera</name>
		<pose>Unspecified</pose>
		<truncated>0</truncated>
		<difficult>1</difficult>
		<bndbox>
			<xmin>550</xmin>
			<ymin>165</ymin>
			<xmax>667</xmax>
			<ymax>282</ymax>
		</bndbox>
	</object>
	<object>
		<name>bianca</name>
		<pose>Unspecified</pose>
		<truncated>0</truncated>
		<difficult>0</difficult>
		<bndbox>
			<xmin>937</xmin>
			<ymin>137</ymin>
			<xmax>1046</xmax>
			<ymax>242</ymax>
		</bndbox>
	</object>
	<object>
		<name>nera</name>
		<pose>Unspecified</pose>
		<truncated>0</truncated>
		<difficult>1</difficult>
		<bndbox>
			<xmin>1169</xmin>
			<ymin>159</ymin>
			<xmax>1263</xmax>
			<ymax>246</ymax>
		</bndbox>
	</object>
<folder>images</folder>
	<filename>maksssksksss16.jpg</filename>
	</annotation>