<annotation>
	<folder>images</folder>
	<filename>maksssksksss229.jpg</filename>
	<path>C:\Users\lucas\Desktop\dataset 2.0\luceBlu0.jpg</path>
	<source>
		<database>Unknown</database>
	</source>
	<size>
		<width>1600</width>
		<height>1200</height>
		<depth>3</depth>
	</size>
	<segmented>0</segmented>
	<object>
		<name>bianca</name>
		<pose>Unspecified</pose>
		<truncated>0</truncated>
		<difficult>0</difficult>
		<bndbox>
			<xmin>718</xmin>
			<ymin>320</ymin>
			<xmax>899</xmax>
			<ymax>499</ymax>
		</bndbox>
	</object>
	<object>
		<name>bianca</name>
		<pose>Unspecified</pose>
		<truncated>0</truncated>
		<difficult>0</difficult>
		<bndbox>
			<xmin>1075</xmin>
			<ymin>312</ymin>
			<xmax>1183</xmax>
			<ymax>418</ymax>
		</bndbox>
	</object>
	<object>
		<name>nera</name>
		<pose>Unspecified</pose>
		<truncated>0</truncated>
		<difficult>0</difficult>
		<bndbox>
			<xmin>311</xmin>
			<ymin>374</ymin>
			<xmax>446</xmax>
			<ymax>512</ymax>
		</bndbox>
	</object>
	<object>
		<name>nera</name>
		<pose>Unspecified</pose>
		<truncated>1</truncated>
		<difficult>0</difficult>
		<bndbox>
			<xmin>1</xmin>
			<ymin>475</ymin>
			<xmax>115</xmax>
			<ymax>725</ymax>
		</bndbox>
	</object>
<folder>images</folder>
	<filename>maksssksksss229.jpg</filename>
	</annotation>