<annotation>
	<folder>images</folder>
	<filename>maksssksksss71.jpg</filename>
	<path>C:\Users\lucas\Desktop\dataset 2.0\stanzaTrazparenteStuzzicadenti4.jpg</path>
	<source>
		<database>Unknown</database>
	</source>
	<size>
		<width>1600</width>
		<height>1200</height>
		<depth>3</depth>
	</size>
	<segmented>0</segmented>
	<object>
		<name>bianca</name>
		<pose>Unspecified</pose>
		<truncated>0</truncated>
		<difficult>0</difficult>
		<bndbox>
			<xmin>530</xmin>
			<ymin>350</ymin>
			<xmax>743</xmax>
			<ymax>561</ymax>
		</bndbox>
	</object>
	<object>
		<name>nera</name>
		<pose>Unspecified</pose>
		<truncated>0</truncated>
		<difficult>0</difficult>
		<bndbox>
			<xmin>1097</xmin>
			<ymin>331</ymin>
			<xmax>1297</xmax>
			<ymax>544</ymax>
		</bndbox>
	</object>
<folder>images</folder>
	<filename>maksssksksss71.jpg</filename>
	</annotation>