<annotation>
	<folder>images</folder>
	<filename>maksssksksss18.jpg</filename>
	<path>C:\Users\lucas\Desktop\dataset 2.0\new60.jpg</path>
	<source>
		<database>Unknown</database>
	</source>
	<size>
		<width>1600</width>
		<height>1200</height>
		<depth>3</depth>
	</size>
	<segmented>0</segmented>
	<object>
		<name>nera</name>
		<pose>Unspecified</pose>
		<truncated>0</truncated>
		<difficult>0</difficult>
		<bndbox>
			<xmin>236</xmin>
			<ymin>238</ymin>
			<xmax>365</xmax>
			<ymax>373</ymax>
		</bndbox>
	</object>
	<object>
		<name>bianca</name>
		<pose>Unspecified</pose>
		<truncated>0</truncated>
		<difficult>0</difficult>
		<bndbox>
			<xmin>1174</xmin>
			<ymin>156</ymin>
			<xmax>1283</xmax>
			<ymax>266</ymax>
		</bndbox>
	</object>
	<object>
		<name>bianca</name>
		<pose>Unspecified</pose>
		<truncated>0</truncated>
		<difficult>0</difficult>
		<bndbox>
			<xmin>785</xmin>
			<ymin>134</ymin>
			<xmax>850</xmax>
			<ymax>196</ymax>
		</bndbox>
	</object>
<folder>images</folder>
	<filename>maksssksksss18.jpg</filename>
	</annotation>