<annotation>
	<folder>images</folder>
	<filename>maksssksksss49.jpg</filename>
	<path>C:\Users\lucas\Desktop\dataset 2.0\stanzaTrazparenteStuzzicadenti34.jpg</path>
	<source>
		<database>Unknown</database>
	</source>
	<size>
		<width>1600</width>
		<height>1200</height>
		<depth>3</depth>
	</size>
	<segmented>0</segmented>
	<object>
		<name>bianca</name>
		<pose>Unspecified</pose>
		<truncated>0</truncated>
		<difficult>0</difficult>
		<bndbox>
			<xmin>233</xmin>
			<ymin>374</ymin>
			<xmax>309</xmax>
			<ymax>464</ymax>
		</bndbox>
	</object>
<folder>images</folder>
	<filename>maksssksksss49.jpg</filename>
	</annotation>