<annotation>
	<folder>images</folder>
	<filename>maksssksksss263.jpg</filename>
	<path>C:\Users\lucas\Desktop\dataset 2.0\stanzaBianca21.jpg</path>
	<source>
		<database>Unknown</database>
	</source>
	<size>
		<width>1600</width>
		<height>1200</height>
		<depth>3</depth>
	</size>
	<segmented>0</segmented>
	<object>
		<name>nera</name>
		<pose>Unspecified</pose>
		<truncated>0</truncated>
		<difficult>0</difficult>
		<bndbox>
			<xmin>1093</xmin>
			<ymin>88</ymin>
			<xmax>1396</xmax>
			<ymax>391</ymax>
		</bndbox>
	</object>
	<object>
		<name>nera</name>
		<pose>Unspecified</pose>
		<truncated>0</truncated>
		<difficult>0</difficult>
		<bndbox>
			<xmin>402</xmin>
			<ymin>83</ymin>
			<xmax>649</xmax>
			<ymax>330</ymax>
		</bndbox>
	</object>
	<object>
		<name>bianca</name>
		<pose>Unspecified</pose>
		<truncated>1</truncated>
		<difficult>0</difficult>
		<bndbox>
			<xmin>1</xmin>
			<ymin>262</ymin>
			<xmax>406</xmax>
			<ymax>755</ymax>
		</bndbox>
	</object>
<folder>images</folder>
	<filename>maksssksksss263.jpg</filename>
	</annotation>