<annotation>
	<folder>images</folder>
	<filename>maksssksksss6.jpg</filename>
	<path>C:\Users\lucas\Desktop\dataset 2.0\stanzaTrazparenteStuzzicadenti62.jpg</path>
	<source>
		<database>Unknown</database>
	</source>
	<size>
		<width>1600</width>
		<height>1200</height>
		<depth>3</depth>
	</size>
	<segmented>0</segmented>
	<object>
		<name>bianca</name>
		<pose>Unspecified</pose>
		<truncated>0</truncated>
		<difficult>0</difficult>
		<bndbox>
			<xmin>267</xmin>
			<ymin>138</ymin>
			<xmax>487</xmax>
			<ymax>363</ymax>
		</bndbox>
	</object>
	<object>
		<name>nera</name>
		<pose>Unspecified</pose>
		<truncated>0</truncated>
		<difficult>0</difficult>
		<bndbox>
			<xmin>782</xmin>
			<ymin>52</ymin>
			<xmax>926</xmax>
			<ymax>192</ymax>
		</bndbox>
	</object>
<folder>images</folder>
	<filename>maksssksksss6.jpg</filename>
	</annotation>