<annotation>
	<folder>images</folder>
	<filename>maksssksksss143.jpg</filename>
	<path>C:\Users\lucas\Desktop\dataset 2.0\new29.jpg</path>
	<source>
		<database>Unknown</database>
	</source>
	<size>
		<width>1600</width>
		<height>1200</height>
		<depth>3</depth>
	</size>
	<segmented>0</segmented>
	<object>
		<name>bianca</name>
		<pose>Unspecified</pose>
		<truncated>0</truncated>
		<difficult>0</difficult>
		<bndbox>
			<xmin>618</xmin>
			<ymin>183</ymin>
			<xmax>839</xmax>
			<ymax>390</ymax>
		</bndbox>
	</object>
	<object>
		<name>nera</name>
		<pose>Unspecified</pose>
		<truncated>0</truncated>
		<difficult>0</difficult>
		<bndbox>
			<xmin>1052</xmin>
			<ymin>187</ymin>
			<xmax>1260</xmax>
			<ymax>396</ymax>
		</bndbox>
	</object>
	<object>
		<name>bianca</name>
		<pose>Unspecified</pose>
		<truncated>0</truncated>
		<difficult>0</difficult>
		<bndbox>
			<xmin>1207</xmin>
			<ymin>210</ymin>
			<xmax>1462</xmax>
			<ymax>458</ymax>
		</bndbox>
	</object>
<folder>images</folder>
	<filename>maksssksksss143.jpg</filename>
	</annotation>