<annotation>
	<folder>images</folder>
	<filename>maksssksksss20.jpg</filename>
	<path>C:\Users\lucas\Desktop\dataset 2.0\stanzaBiancastuzzicadenti39.jpg</path>
	<source>
		<database>Unknown</database>
	</source>
	<size>
		<width>1600</width>
		<height>1200</height>
		<depth>3</depth>
	</size>
	<segmented>0</segmented>
	<object>
		<name>bianca</name>
		<pose>Unspecified</pose>
		<truncated>0</truncated>
		<difficult>0</difficult>
		<bndbox>
			<xmin>424</xmin>
			<ymin>344</ymin>
			<xmax>697</xmax>
			<ymax>619</ymax>
		</bndbox>
	</object>
	<object>
		<name>nera</name>
		<pose>Unspecified</pose>
		<truncated>0</truncated>
		<difficult>0</difficult>
		<bndbox>
			<xmin>22</xmin>
			<ymin>436</ymin>
			<xmax>188</xmax>
			<ymax>636</ymax>
		</bndbox>
	</object>
<folder>images</folder>
	<filename>maksssksksss20.jpg</filename>
	</annotation>