<annotation>
	<folder>images</folder>
	<filename>maksssksksss13.jpg</filename>
	<path>C:\Users\lucas\Desktop\dataset 2.0\stanzaTrazparenteStuzzicadenti93.jpg</path>
	<source>
		<database>Unknown</database>
	</source>
	<size>
		<width>1600</width>
		<height>1200</height>
		<depth>3</depth>
	</size>
	<segmented>0</segmented>
	<object>
		<name>bianca</name>
		<pose>Unspecified</pose>
		<truncated>0</truncated>
		<difficult>0</difficult>
		<bndbox>
			<xmin>945</xmin>
			<ymin>302</ymin>
			<xmax>1054</xmax>
			<ymax>415</ymax>
		</bndbox>
	</object>
	<object>
		<name>nera</name>
		<pose>Unspecified</pose>
		<truncated>0</truncated>
		<difficult>0</difficult>
		<bndbox>
			<xmin>308</xmin>
			<ymin>368</ymin>
			<xmax>421</xmax>
			<ymax>480</ymax>
		</bndbox>
	</object>
<folder>images</folder>
	<filename>maksssksksss13.jpg</filename>
	</annotation>