<annotation>
	<folder>images</folder>
	<filename>maksssksksss62.jpg</filename>
	<path>C:\Users\lucas\Desktop\dataset 2.0\new58.jpg</path>
	<source>
		<database>Unknown</database>
	</source>
	<size>
		<width>1600</width>
		<height>1200</height>
		<depth>3</depth>
	</size>
	<segmented>0</segmented>
	<object>
		<name>bianca</name>
		<pose>Unspecified</pose>
		<truncated>0</truncated>
		<difficult>0</difficult>
		<bndbox>
			<xmin>63</xmin>
			<ymin>308</ymin>
			<xmax>257</xmax>
			<ymax>530</ymax>
		</bndbox>
	</object>
	<object>
		<name>nera</name>
		<pose>Unspecified</pose>
		<truncated>0</truncated>
		<difficult>0</difficult>
		<bndbox>
			<xmin>766</xmin>
			<ymin>195</ymin>
			<xmax>1053</xmax>
			<ymax>530</ymax>
		</bndbox>
	</object>
	<object>
		<name>bianca</name>
		<pose>Unspecified</pose>
		<truncated>1</truncated>
		<difficult>0</difficult>
		<bndbox>
			<xmin>1283</xmin>
			<ymin>239</ymin>
			<xmax>1600</xmax>
			<ymax>612</ymax>
		</bndbox>
	</object>
<folder>images</folder>
	<filename>maksssksksss62.jpg</filename>
	</annotation>