<annotation>
	<folder>images</folder>
	<filename>maksssksksss14.jpg</filename>
	<path>C:\Users\lucas\Desktop\dataset 2.0\stanzaTrazparenteStuzzicadenti65.jpg</path>
	<source>
		<database>Unknown</database>
	</source>
	<size>
		<width>1600</width>
		<height>1200</height>
		<depth>3</depth>
	</size>
	<segmented>0</segmented>
	<object>
		<name>bianca</name>
		<pose>Unspecified</pose>
		<truncated>0</truncated>
		<difficult>0</difficult>
		<bndbox>
			<xmin>367</xmin>
			<ymin>76</ymin>
			<xmax>553</xmax>
			<ymax>246</ymax>
		</bndbox>
	</object>
<folder>images</folder>
	<filename>maksssksksss14.jpg</filename>
	</annotation>