<annotation>
	<folder>images</folder>
	<filename>maksssksksss123.jpg</filename>
	<path>C:\Users\lucas\Desktop\dataset 2.0\stanzaBiancastuzzicadenti2.jpg</path>
	<source>
		<database>Unknown</database>
	</source>
	<size>
		<width>1600</width>
		<height>1200</height>
		<depth>3</depth>
	</size>
	<segmented>0</segmented>
	<object>
		<name>bianca</name>
		<pose>Unspecified</pose>
		<truncated>0</truncated>
		<difficult>0</difficult>
		<bndbox>
			<xmin>297</xmin>
			<ymin>328</ymin>
			<xmax>437</xmax>
			<ymax>481</ymax>
		</bndbox>
	</object>
	<object>
		<name>bianca</name>
		<pose>Unspecified</pose>
		<truncated>0</truncated>
		<difficult>0</difficult>
		<bndbox>
			<xmin>934</xmin>
			<ymin>282</ymin>
			<xmax>1114</xmax>
			<ymax>450</ymax>
		</bndbox>
	</object>
	<object>
		<name>nera</name>
		<pose>Unspecified</pose>
		<truncated>0</truncated>
		<difficult>0</difficult>
		<bndbox>
			<xmin>669</xmin>
			<ymin>427</ymin>
			<xmax>1228</xmax>
			<ymax>972</ymax>
		</bndbox>
	</object>
<folder>images</folder>
	<filename>maksssksksss123.jpg</filename>
	</annotation>