<annotation>
	<folder>images</folder>
	<filename>maksssksksss103.jpg</filename>
	<path>C:\Users\lucas\Desktop\dataset 2.0\stanzaBiancastuzzicadenti43.jpg</path>
	<source>
		<database>Unknown</database>
	</source>
	<size>
		<width>1600</width>
		<height>1200</height>
		<depth>3</depth>
	</size>
	<segmented>0</segmented>
	<object>
		<name>nera</name>
		<pose>Unspecified</pose>
		<truncated>0</truncated>
		<difficult>0</difficult>
		<bndbox>
			<xmin>284</xmin>
			<ymin>415</ymin>
			<xmax>593</xmax>
			<ymax>741</ymax>
		</bndbox>
	</object>
	<object>
		<name>bianca</name>
		<pose>Unspecified</pose>
		<truncated>0</truncated>
		<difficult>0</difficult>
		<bndbox>
			<xmin>1193</xmin>
			<ymin>319</ymin>
			<xmax>1374</xmax>
			<ymax>510</ymax>
		</bndbox>
	</object>
<folder>images</folder>
	<filename>maksssksksss103.jpg</filename>
	</annotation>