<annotation>
	<folder>images</folder>
	<filename>maksssksksss132.jpg</filename>
	<path>C:\Users\lucas\Desktop\dataset 2.0\new69.jpg</path>
	<source>
		<database>Unknown</database>
	</source>
	<size>
		<width>1600</width>
		<height>1200</height>
		<depth>3</depth>
	</size>
	<segmented>0</segmented>
	<object>
		<name>bianca</name>
		<pose>Unspecified</pose>
		<truncated>0</truncated>
		<difficult>0</difficult>
		<bndbox>
			<xmin>400</xmin>
			<ymin>196</ymin>
			<xmax>511</xmax>
			<ymax>307</ymax>
		</bndbox>
	</object>
	<object>
		<name>bianca</name>
		<pose>Unspecified</pose>
		<truncated>0</truncated>
		<difficult>0</difficult>
		<bndbox>
			<xmin>583</xmin>
			<ymin>188</ymin>
			<xmax>800</xmax>
			<ymax>405</ymax>
		</bndbox>
	</object>
	<object>
		<name>nera</name>
		<pose>Unspecified</pose>
		<truncated>0</truncated>
		<difficult>0</difficult>
		<bndbox>
			<xmin>1243</xmin>
			<ymin>183</ymin>
			<xmax>1388</xmax>
			<ymax>328</ymax>
		</bndbox>
	</object>
<folder>images</folder>
	<filename>maksssksksss132.jpg</filename>
	</annotation>