<annotation>
	<folder>images</folder>
	<filename>maksssksksss257.jpg</filename>
	<path>C:\Users\lucas\Desktop\dataset 2.0\new78.jpg</path>
	<source>
		<database>Unknown</database>
	</source>
	<size>
		<width>1600</width>
		<height>1200</height>
		<depth>3</depth>
	</size>
	<segmented>0</segmented>
	<object>
		<name>nera</name>
		<pose>Unspecified</pose>
		<truncated>0</truncated>
		<difficult>0</difficult>
		<bndbox>
			<xmin>466</xmin>
			<ymin>202</ymin>
			<xmax>621</xmax>
			<ymax>357</ymax>
		</bndbox>
	</object>
	<object>
		<name>nera</name>
		<pose>Unspecified</pose>
		<truncated>0</truncated>
		<difficult>0</difficult>
		<bndbox>
			<xmin>961</xmin>
			<ymin>153</ymin>
			<xmax>1075</xmax>
			<ymax>267</ymax>
		</bndbox>
	</object>
	<object>
		<name>bianca</name>
		<pose>Unspecified</pose>
		<truncated>0</truncated>
		<difficult>0</difficult>
		<bndbox>
			<xmin>1159</xmin>
			<ymin>176</ymin>
			<xmax>1326</xmax>
			<ymax>343</ymax>
		</bndbox>
	</object>
<folder>images</folder>
	<filename>maksssksksss257.jpg</filename>
	</annotation>