<annotation>
	<folder>images</folder>
	<filename>maksssksksss48.jpg</filename>
	<path>C:\Users\lucas\Desktop\dataset 2.0\stanzaBianca14.jpg</path>
	<source>
		<database>Unknown</database>
	</source>
	<size>
		<width>1600</width>
		<height>1200</height>
		<depth>3</depth>
	</size>
	<segmented>0</segmented>
	<object>
		<name>nera</name>
		<pose>Unspecified</pose>
		<truncated>0</truncated>
		<difficult>0</difficult>
		<bndbox>
			<xmin>283</xmin>
			<ymin>115</ymin>
			<xmax>539</xmax>
			<ymax>371</ymax>
		</bndbox>
	</object>
	<object>
		<name>nera</name>
		<pose>Unspecified</pose>
		<truncated>0</truncated>
		<difficult>0</difficult>
		<bndbox>
			<xmin>694</xmin>
			<ymin>26</ymin>
			<xmax>824</xmax>
			<ymax>156</ymax>
		</bndbox>
	</object>
	<object>
		<name>bianca</name>
		<pose>Unspecified</pose>
		<truncated>0</truncated>
		<difficult>0</difficult>
		<bndbox>
			<xmin>840</xmin>
			<ymin>26</ymin>
			<xmax>1004</xmax>
			<ymax>190</ymax>
		</bndbox>
	</object>
	<object>
		<name>bianca</name>
		<pose>Unspecified</pose>
		<truncated>0</truncated>
		<difficult>1</difficult>
		<bndbox>
			<xmin>1110</xmin>
			<ymin>93</ymin>
			<xmax>1407</xmax>
			<ymax>390</ymax>
		</bndbox>
	</object>
<folder>images</folder>
	<filename>maksssksksss48.jpg</filename>
	</annotation>