<annotation>
	<folder>images</folder>
	<filename>maksssksksss72.jpg</filename>
	<path>C:\Users\lucas\Desktop\dataset 2.0\stanzaBianca24.jpg</path>
	<source>
		<database>Unknown</database>
	</source>
	<size>
		<width>1600</width>
		<height>1200</height>
		<depth>3</depth>
	</size>
	<segmented>0</segmented>
	<object>
		<name>bianca</name>
		<pose>Unspecified</pose>
		<truncated>0</truncated>
		<difficult>0</difficult>
		<bndbox>
			<xmin>562</xmin>
			<ymin>51</ymin>
			<xmax>731</xmax>
			<ymax>220</ymax>
		</bndbox>
	</object>
	<object>
		<name>nera</name>
		<pose>Unspecified</pose>
		<truncated>0</truncated>
		<difficult>0</difficult>
		<bndbox>
			<xmin>265</xmin>
			<ymin>174</ymin>
			<xmax>868</xmax>
			<ymax>777</ymax>
		</bndbox>
	</object>
	<object>
		<name>bianca</name>
		<pose>Unspecified</pose>
		<truncated>0</truncated>
		<difficult>1</difficult>
		<bndbox>
			<xmin>962</xmin>
			<ymin>45</ymin>
			<xmax>1210</xmax>
			<ymax>293</ymax>
		</bndbox>
	</object>
<folder>images</folder>
	<filename>maksssksksss72.jpg</filename>
	</annotation>