<annotation>
	<folder>images</folder>
	<filename>maksssksksss31.jpg</filename>
	<path>C:\Users\lucas\Desktop\dataset 2.0\stanzaTrazparenteStuzzicadenti26.jpg</path>
	<source>
		<database>Unknown</database>
	</source>
	<size>
		<width>1600</width>
		<height>1200</height>
		<depth>3</depth>
	</size>
	<segmented>0</segmented>
	<object>
		<name>nera</name>
		<pose>Unspecified</pose>
		<truncated>0</truncated>
		<difficult>0</difficult>
		<bndbox>
			<xmin>609</xmin>
			<ymin>346</ymin>
			<xmax>800</xmax>
			<ymax>545</ymax>
		</bndbox>
	</object>
<folder>images</folder>
	<filename>maksssksksss31.jpg</filename>
	</annotation>