<annotation>
	<folder>images</folder>
	<filename>maksssksksss8.jpg</filename>
	<path>C:\Users\lucas\Desktop\dataset 2.0\stanzaTrazparenteStuzzicadenti9.jpg</path>
	<source>
		<database>Unknown</database>
	</source>
	<size>
		<width>1600</width>
		<height>1200</height>
		<depth>3</depth>
	</size>
	<segmented>0</segmented>
	<object>
		<name>bianca</name>
		<pose>Unspecified</pose>
		<truncated>0</truncated>
		<difficult>0</difficult>
		<bndbox>
			<xmin>616</xmin>
			<ymin>305</ymin>
			<xmax>687</xmax>
			<ymax>379</ymax>
		</bndbox>
	</object>
	<object>
		<name>bianca</name>
		<pose>Unspecified</pose>
		<truncated>0</truncated>
		<difficult>0</difficult>
		<bndbox>
			<xmin>947</xmin>
			<ymin>279</ymin>
			<xmax>1036</xmax>
			<ymax>356</ymax>
		</bndbox>
	</object>
	<object>
		<name>nera</name>
		<pose>Unspecified</pose>
		<truncated>1</truncated>
		<difficult>1</difficult>
		<bndbox>
			<xmin>1507</xmin>
			<ymin>346</ymin>
			<xmax>1600</xmax>
			<ymax>455</ymax>
		</bndbox>
	</object>
	<object>
		<name>nera</name>
		<pose>Unspecified</pose>
		<truncated>0</truncated>
		<difficult>1</difficult>
		<bndbox>
			<xmin>1347</xmin>
			<ymin>311</ymin>
			<xmax>1429</xmax>
			<ymax>401</ymax>
		</bndbox>
	</object>
<folder>images</folder>
	<filename>maksssksksss8.jpg</filename>
	</annotation>