<annotation>
	<folder>dataset 2.0</folder>
	<filename>luceBlu13.jpg</filename>
	<path>C:\Users\lucas\Desktop\dataset 2.0\luceBlu13.jpg</path>
	<source>
		<database>Unknown</database>
	</source>
	<size>
		<width>1600</width>
		<height>1200</height>
		<depth>3</depth>
	</size>
	<segmented>0</segmented>
	<object>
		<name>bianca</name>
		<pose>Unspecified</pose>
		<truncated>0</truncated>
		<difficult>0</difficult>
		<bndbox>
			<xmin>319</xmin>
			<ymin>359</ymin>
			<xmax>498</xmax>
			<ymax>547</ymax>
		</bndbox>
	</object>
	<object>
		<name>nera</name>
		<pose>Unspecified</pose>
		<truncated>0</truncated>
		<difficult>0</difficult>
		<bndbox>
			<xmin>485</xmin>
			<ymin>335</ymin>
			<xmax>618</xmax>
			<ymax>469</ymax>
		</bndbox>
	</object>
	<object>
		<name>nera</name>
		<pose>Unspecified</pose>
		<truncated>0</truncated>
		<difficult>0</difficult>
		<bndbox>
			<xmin>1016</xmin>
			<ymin>317</ymin>
			<xmax>1152</xmax>
			<ymax>456</ymax>
		</bndbox>
	</object>
	<object>
		<name>bianca</name>
		<pose>Unspecified</pose>
		<truncated>0</truncated>
		<difficult>0</difficult>
		<bndbox>
			<xmin>1017</xmin>
			<ymin>302</ymin>
			<xmax>1082</xmax>
			<ymax>371</ymax>
		</bndbox>
	</object>
</annotation>
