<annotation>
	<folder>images</folder>
	<filename>maksssksksss270.jpg</filename>
	<path>C:\Users\lucas\Desktop\dataset 2.0\new63.jpg</path>
	<source>
		<database>Unknown</database>
	</source>
	<size>
		<width>1600</width>
		<height>1200</height>
		<depth>3</depth>
	</size>
	<segmented>0</segmented>
	<object>
		<name>nera</name>
		<pose>Unspecified</pose>
		<truncated>0</truncated>
		<difficult>0</difficult>
		<bndbox>
			<xmin>717</xmin>
			<ymin>158</ymin>
			<xmax>811</xmax>
			<ymax>248</ymax>
		</bndbox>
	</object>
	<object>
		<name>nera</name>
		<pose>Unspecified</pose>
		<truncated>0</truncated>
		<difficult>0</difficult>
		<bndbox>
			<xmin>1285</xmin>
			<ymin>172</ymin>
			<xmax>1359</xmax>
			<ymax>245</ymax>
		</bndbox>
	</object>
	<object>
		<name>bianca</name>
		<pose>Unspecified</pose>
		<truncated>0</truncated>
		<difficult>0</difficult>
		<bndbox>
			<xmin>1314</xmin>
			<ymin>218</ymin>
			<xmax>1520</xmax>
			<ymax>437</ymax>
		</bndbox>
	</object>
	<object>
		<name>bianca</name>
		<pose>Unspecified</pose>
		<truncated>1</truncated>
		<difficult>0</difficult>
		<bndbox>
			<xmin>1530</xmin>
			<ymin>222</ymin>
			<xmax>1600</xmax>
			<ymax>308</ymax>
		</bndbox>
	</object>
<folder>images</folder>
	<filename>maksssksksss270.jpg</filename>
	</annotation>