<annotation>
	<folder>images</folder>
	<filename>maksssksksss9.jpg</filename>
	<path>C:\Users\lucas\Desktop\dataset 2.0\new97.jpg</path>
	<source>
		<database>Unknown</database>
	</source>
	<size>
		<width>1600</width>
		<height>1200</height>
		<depth>3</depth>
	</size>
	<segmented>0</segmented>
	<object>
		<name>bianca</name>
		<pose>Unspecified</pose>
		<truncated>0</truncated>
		<difficult>0</difficult>
		<bndbox>
			<xmin>532</xmin>
			<ymin>169</ymin>
			<xmax>700</xmax>
			<ymax>331</ymax>
		</bndbox>
	</object>
	<object>
		<name>nera</name>
		<pose>Unspecified</pose>
		<truncated>0</truncated>
		<difficult>0</difficult>
		<bndbox>
			<xmin>1440</xmin>
			<ymin>205</ymin>
			<xmax>1543</xmax>
			<ymax>314</ymax>
		</bndbox>
	</object>
<folder>images</folder>
	<filename>maksssksksss9.jpg</filename>
	</annotation>