<annotation>
	<folder>images</folder>
	<filename>maksssksksss239.jpg</filename>
	<path>C:\Users\lucas\Desktop\dataset 2.0\luceBlu7.jpg</path>
	<source>
		<database>Unknown</database>
	</source>
	<size>
		<width>1600</width>
		<height>1200</height>
		<depth>3</depth>
	</size>
	<segmented>0</segmented>
	<object>
		<name>bianca</name>
		<pose>Unspecified</pose>
		<truncated>0</truncated>
		<difficult>0</difficult>
		<bndbox>
			<xmin>65</xmin>
			<ymin>436</ymin>
			<xmax>420</xmax>
			<ymax>804</ymax>
		</bndbox>
	</object>
	<object>
		<name>bianca</name>
		<pose>Unspecified</pose>
		<truncated>0</truncated>
		<difficult>0</difficult>
		<bndbox>
			<xmin>656</xmin>
			<ymin>329</ymin>
			<xmax>822</xmax>
			<ymax>486</ymax>
		</bndbox>
	</object>
<folder>images</folder>
	<filename>maksssksksss239.jpg</filename>
	</annotation>