<annotation>
	<folder>images</folder>
	<filename>maksssksksss273.jpg</filename>
	<path>C:\Users\lucas\Desktop\dataset 2.0\new53.jpg</path>
	<source>
		<database>Unknown</database>
	</source>
	<size>
		<width>1600</width>
		<height>1200</height>
		<depth>3</depth>
	</size>
	<segmented>0</segmented>
	<object>
		<name>bianca</name>
		<pose>Unspecified</pose>
		<truncated>0</truncated>
		<difficult>0</difficult>
		<bndbox>
			<xmin>63</xmin>
			<ymin>308</ymin>
			<xmax>250</xmax>
			<ymax>516</ymax>
		</bndbox>
	</object>
	<object>
		<name>nera</name>
		<pose>Unspecified</pose>
		<truncated>0</truncated>
		<difficult>0</difficult>
		<bndbox>
			<xmin>871</xmin>
			<ymin>177</ymin>
			<xmax>1056</xmax>
			<ymax>362</ymax>
		</bndbox>
	</object>
	<object>
		<name>nera</name>
		<pose>Unspecified</pose>
		<truncated>0</truncated>
		<difficult>0</difficult>
		<bndbox>
			<xmin>1261</xmin>
			<ymin>186</ymin>
			<xmax>1416</xmax>
			<ymax>351</ymax>
		</bndbox>
	</object>
<folder>images</folder>
	<filename>maksssksksss273.jpg</filename>
	</annotation>