<annotation>
	<folder>images</folder>
	<filename>maksssksksss88.jpg</filename>
	<path>C:\Users\lucas\Desktop\dataset 2.0\stanzaBianca1.jpg</path>
	<source>
		<database>Unknown</database>
	</source>
	<size>
		<width>1600</width>
		<height>1200</height>
		<depth>3</depth>
	</size>
	<segmented>0</segmented>
	<object>
		<name>nera</name>
		<pose>Unspecified</pose>
		<truncated>0</truncated>
		<difficult>0</difficult>
		<bndbox>
			<xmin>437</xmin>
			<ymin>62</ymin>
			<xmax>554</xmax>
			<ymax>179</ymax>
		</bndbox>
	</object>
	<object>
		<name>bianca</name>
		<pose>Unspecified</pose>
		<truncated>0</truncated>
		<difficult>0</difficult>
		<bndbox>
			<xmin>1024</xmin>
			<ymin>39</ymin>
			<xmax>1261</xmax>
			<ymax>275</ymax>
		</bndbox>
	</object>
	<object>
		<name>nera</name>
		<pose>Unspecified</pose>
		<truncated>0</truncated>
		<difficult>0</difficult>
		<bndbox>
			<xmin>846</xmin>
			<ymin>14</ymin>
			<xmax>915</xmax>
			<ymax>76</ymax>
		</bndbox>
	</object>
	<object>
		<name>bianca</name>
		<pose>Unspecified</pose>
		<truncated>0</truncated>
		<difficult>1</difficult>
		<bndbox>
			<xmin>631</xmin>
			<ymin>27</ymin>
			<xmax>694</xmax>
			<ymax>89</ymax>
		</bndbox>
	</object>
<folder>images</folder>
	<filename>maksssksksss88.jpg</filename>
	</annotation>