<annotation>
	<folder>images</folder>
	<filename>maksssksksss155.jpg</filename>
	<path>C:\Users\lucas\Desktop\dataset 2.0\stanzaBiancastuzzicadentiBuio3.jpg</path>
	<source>
		<database>Unknown</database>
	</source>
	<size>
		<width>1600</width>
		<height>1200</height>
		<depth>3</depth>
	</size>
	<segmented>0</segmented>
	<object>
		<name>bianca</name>
		<pose>Unspecified</pose>
		<truncated>0</truncated>
		<difficult>0</difficult>
		<bndbox>
			<xmin>233</xmin>
			<ymin>380</ymin>
			<xmax>483</xmax>
			<ymax>648</ymax>
		</bndbox>
	</object>
	<object>
		<name>nera</name>
		<pose>Unspecified</pose>
		<truncated>0</truncated>
		<difficult>0</difficult>
		<bndbox>
			<xmin>1088</xmin>
			<ymin>302</ymin>
			<xmax>1239</xmax>
			<ymax>449</ymax>
		</bndbox>
	</object>
<folder>images</folder>
	<filename>maksssksksss155.jpg</filename>
	</annotation>