<annotation>
	<folder>images</folder>
	<filename>maksssksksss105.jpg</filename>
	<path>C:\Users\lucas\Desktop\dataset 2.0\new6.jpg</path>
	<source>
		<database>Unknown</database>
	</source>
	<size>
		<width>1600</width>
		<height>1200</height>
		<depth>3</depth>
	</size>
	<segmented>0</segmented>
	<object>
		<name>bianca</name>
		<pose>Unspecified</pose>
		<truncated>0</truncated>
		<difficult>0</difficult>
		<bndbox>
			<xmin>414</xmin>
			<ymin>204</ymin>
			<xmax>592</xmax>
			<ymax>379</ymax>
		</bndbox>
	</object>
	<object>
		<name>nera</name>
		<pose>Unspecified</pose>
		<truncated>0</truncated>
		<difficult>0</difficult>
		<bndbox>
			<xmin>812</xmin>
			<ymin>142</ymin>
			<xmax>923</xmax>
			<ymax>253</ymax>
		</bndbox>
	</object>
	<object>
		<name>bianca</name>
		<pose>Unspecified</pose>
		<truncated>0</truncated>
		<difficult>0</difficult>
		<bndbox>
			<xmin>1142</xmin>
			<ymin>168</ymin>
			<xmax>1300</xmax>
			<ymax>327</ymax>
		</bndbox>
	</object>
<folder>images</folder>
	<filename>maksssksksss105.jpg</filename>
	</annotation>