<annotation>
	<folder>images</folder>
	<filename>maksssksksss203.jpg</filename>
	<path>C:\Users\lucas\Desktop\dataset 2.0\stanzaTrazparenteStuzzicadenti32.jpg</path>
	<source>
		<database>Unknown</database>
	</source>
	<size>
		<width>1600</width>
		<height>1200</height>
		<depth>3</depth>
	</size>
	<segmented>0</segmented>
	<object>
		<name>bianca</name>
		<pose>Unspecified</pose>
		<truncated>0</truncated>
		<difficult>0</difficult>
		<bndbox>
			<xmin>471</xmin>
			<ymin>336</ymin>
			<xmax>621</xmax>
			<ymax>478</ymax>
		</bndbox>
	</object>
	<object>
		<name>bianca</name>
		<pose>Unspecified</pose>
		<truncated>0</truncated>
		<difficult>0</difficult>
		<bndbox>
			<xmin>1518</xmin>
			<ymin>330</ymin>
			<xmax>1578</xmax>
			<ymax>429</ymax>
		</bndbox>
	</object>
<folder>images</folder>
	<filename>maksssksksss203.jpg</filename>
	</annotation>