<annotation>
	<folder>images</folder>
	<filename>maksssksksss145.jpg</filename>
	<path>C:\Users\lucas\Desktop\dataset 2.0\new8.jpg</path>
	<source>
		<database>Unknown</database>
	</source>
	<size>
		<width>1600</width>
		<height>1200</height>
		<depth>3</depth>
	</size>
	<segmented>0</segmented>
	<object>
		<name>bianca</name>
		<pose>Unspecified</pose>
		<truncated>0</truncated>
		<difficult>0</difficult>
		<bndbox>
			<xmin>365</xmin>
			<ymin>188</ymin>
			<xmax>502</xmax>
			<ymax>322</ymax>
		</bndbox>
	</object>
	<object>
		<name>bianca</name>
		<pose>Unspecified</pose>
		<truncated>0</truncated>
		<difficult>0</difficult>
		<bndbox>
			<xmin>834</xmin>
			<ymin>122</ymin>
			<xmax>948</xmax>
			<ymax>236</ymax>
		</bndbox>
	</object>
	<object>
		<name>nera</name>
		<pose>Unspecified</pose>
		<truncated>0</truncated>
		<difficult>0</difficult>
		<bndbox>
			<xmin>582</xmin>
			<ymin>144</ymin>
			<xmax>666</xmax>
			<ymax>222</ymax>
		</bndbox>
	</object>
<folder>images</folder>
	<filename>maksssksksss145.jpg</filename>
	</annotation>