<annotation>
	<folder>images</folder>
	<filename>maksssksksss189.jpg</filename>
	<path>C:\Users\lucas\Desktop\dataset 2.0\stanzaBiancastuzzicadentiBuio4.jpg</path>
	<source>
		<database>Unknown</database>
	</source>
	<size>
		<width>1600</width>
		<height>1200</height>
		<depth>3</depth>
	</size>
	<segmented>0</segmented>
	<object>
		<name>bianca</name>
		<pose>Unspecified</pose>
		<truncated>0</truncated>
		<difficult>0</difficult>
		<bndbox>
			<xmin>1146</xmin>
			<ymin>324</ymin>
			<xmax>1400</xmax>
			<ymax>591</ymax>
		</bndbox>
	</object>
	<object>
		<name>nera</name>
		<pose>Unspecified</pose>
		<truncated>0</truncated>
		<difficult>0</difficult>
		<bndbox>
			<xmin>851</xmin>
			<ymin>293</ymin>
			<xmax>989</xmax>
			<ymax>434</ymax>
		</bndbox>
	</object>
<folder>images</folder>
	<filename>maksssksksss189.jpg</filename>
	</annotation>