<annotation>
	<folder>images</folder>
	<filename>maksssksksss264.jpg</filename>
	<path>C:\Users\lucas\Desktop\dataset 2.0\stanzaBianca26.jpg</path>
	<source>
		<database>Unknown</database>
	</source>
	<size>
		<width>1600</width>
		<height>1200</height>
		<depth>3</depth>
	</size>
	<segmented>0</segmented>
	<object>
		<name>nera</name>
		<pose>Unspecified</pose>
		<truncated>0</truncated>
		<difficult>0</difficult>
		<bndbox>
			<xmin>483</xmin>
			<ymin>57</ymin>
			<xmax>617</xmax>
			<ymax>191</ymax>
		</bndbox>
	</object>
	<object>
		<name>bianca</name>
		<pose>Unspecified</pose>
		<truncated>0</truncated>
		<difficult>0</difficult>
		<bndbox>
			<xmin>629</xmin>
			<ymin>54</ymin>
			<xmax>884</xmax>
			<ymax>309</ymax>
		</bndbox>
	</object>
	<object>
		<name>bianca</name>
		<pose>Unspecified</pose>
		<truncated>0</truncated>
		<difficult>0</difficult>
		<bndbox>
			<xmin>1020</xmin>
			<ymin>35</ymin>
			<xmax>1185</xmax>
			<ymax>200</ymax>
		</bndbox>
	</object>
<folder>images</folder>
	<filename>maksssksksss264.jpg</filename>
	</annotation>