<annotation>
	<folder>images</folder>
	<filename>maksssksksss175.jpg</filename>
	<path>C:\Users\lucas\Desktop\dataset 2.0\new71.jpg</path>
	<source>
		<database>Unknown</database>
	</source>
	<size>
		<width>1600</width>
		<height>1200</height>
		<depth>3</depth>
	</size>
	<segmented>0</segmented>
	<object>
		<name>bianca</name>
		<pose>Unspecified</pose>
		<truncated>0</truncated>
		<difficult>0</difficult>
		<bndbox>
			<xmin>378</xmin>
			<ymin>230</ymin>
			<xmax>740</xmax>
			<ymax>589</ymax>
		</bndbox>
	</object>
	<object>
		<name>nera</name>
		<pose>Unspecified</pose>
		<truncated>0</truncated>
		<difficult>0</difficult>
		<bndbox>
			<xmin>1200</xmin>
			<ymin>164</ymin>
			<xmax>1315</xmax>
			<ymax>277</ymax>
		</bndbox>
	</object>
	<object>
		<name>bianca</name>
		<pose>Unspecified</pose>
		<truncated>1</truncated>
		<difficult>0</difficult>
		<bndbox>
			<xmin>1445</xmin>
			<ymin>245</ymin>
			<xmax>1600</xmax>
			<ymax>449</ymax>
		</bndbox>
	</object>
<folder>images</folder>
	<filename>maksssksksss175.jpg</filename>
	</annotation>