<annotation>
	<folder>images</folder>
	<filename>maksssksksss21.jpg</filename>
	<path>C:\Users\lucas\Desktop\dataset 2.0\stanzaBianca19.jpg</path>
	<source>
		<database>Unknown</database>
	</source>
	<size>
		<width>1600</width>
		<height>1200</height>
		<depth>3</depth>
	</size>
	<segmented>0</segmented>
	<object>
		<name>bianca</name>
		<pose>Unspecified</pose>
		<truncated>0</truncated>
		<difficult>0</difficult>
		<bndbox>
			<xmin>1226</xmin>
			<ymin>112</ymin>
			<xmax>1499</xmax>
			<ymax>385</ymax>
		</bndbox>
	</object>
	<object>
		<name>nera</name>
		<pose>Unspecified</pose>
		<truncated>0</truncated>
		<difficult>0</difficult>
		<bndbox>
			<xmin>1163</xmin>
			<ymin>43</ymin>
			<xmax>1308</xmax>
			<ymax>188</ymax>
		</bndbox>
	</object>
	<object>
		<name>nera</name>
		<pose>Unspecified</pose>
		<truncated>0</truncated>
		<difficult>0</difficult>
		<bndbox>
			<xmin>762</xmin>
			<ymin>47</ymin>
			<xmax>954</xmax>
			<ymax>239</ymax>
		</bndbox>
	</object>
	<object>
		<name>bianca</name>
		<pose>Unspecified</pose>
		<truncated>0</truncated>
		<difficult>0</difficult>
		<bndbox>
			<xmin>898</xmin>
			<ymin>25</ymin>
			<xmax>1015</xmax>
			<ymax>142</ymax>
		</bndbox>
	</object>
<folder>images</folder>
	<filename>maksssksksss21.jpg</filename>
	</annotation>