<annotation>
	<folder>images</folder>
	<filename>maksssksksss90.jpg</filename>
	<path>C:\Users\lucas\Desktop\dataset 2.0\new65.jpg</path>
	<source>
		<database>Unknown</database>
	</source>
	<size>
		<width>1600</width>
		<height>1200</height>
		<depth>3</depth>
	</size>
	<segmented>0</segmented>
	<object>
		<name>bianca</name>
		<pose>Unspecified</pose>
		<truncated>0</truncated>
		<difficult>0</difficult>
		<bndbox>
			<xmin>819</xmin>
			<ymin>213</ymin>
			<xmax>1272</xmax>
			<ymax>656</ymax>
		</bndbox>
	</object>
	<object>
		<name>bianca</name>
		<pose>Unspecified</pose>
		<truncated>0</truncated>
		<difficult>0</difficult>
		<bndbox>
			<xmin>117</xmin>
			<ymin>265</ymin>
			<xmax>226</xmax>
			<ymax>384</ymax>
		</bndbox>
	</object>
<folder>images</folder>
	<filename>maksssksksss90.jpg</filename>
	</annotation>