<annotation>
	<folder>images</folder>
	<filename>maksssksksss30.jpg</filename>
	<path>C:\Users\lucas\Desktop\dataset 2.0\luceBlu14.jpg</path>
	<source>
		<database>Unknown</database>
	</source>
	<size>
		<width>1600</width>
		<height>1200</height>
		<depth>3</depth>
	</size>
	<segmented>0</segmented>
	<object>
		<name>nera</name>
		<pose>Unspecified</pose>
		<truncated>0</truncated>
		<difficult>0</difficult>
		<bndbox>
			<xmin>160</xmin>
			<ymin>386</ymin>
			<xmax>305</xmax>
			<ymax>537</ymax>
		</bndbox>
	</object>
	<object>
		<name>bianca</name>
		<pose>Unspecified</pose>
		<truncated>0</truncated>
		<difficult>0</difficult>
		<bndbox>
			<xmin>524</xmin>
			<ymin>328</ymin>
			<xmax>653</xmax>
			<ymax>455</ymax>
		</bndbox>
	</object>
	<object>
		<name>bianca</name>
		<pose>Unspecified</pose>
		<truncated>0</truncated>
		<difficult>0</difficult>
		<bndbox>
			<xmin>778</xmin>
			<ymin>309</ymin>
			<xmax>897</xmax>
			<ymax>435</ymax>
		</bndbox>
	</object>
	<object>
		<name>nera</name>
		<pose>Unspecified</pose>
		<truncated>0</truncated>
		<difficult>0</difficult>
		<bndbox>
			<xmin>1022</xmin>
			<ymin>318</ymin>
			<xmax>1154</xmax>
			<ymax>456</ymax>
		</bndbox>
	</object>
<folder>images</folder>
	<filename>maksssksksss30.jpg</filename>
	</annotation>