<annotation>
	<folder>images</folder>
	<filename>maksssksksss113.jpg</filename>
	<path>C:\Users\lucas\Desktop\dataset 2.0\stanzaTrazparenteStuzzicadenti40.jpg</path>
	<source>
		<database>Unknown</database>
	</source>
	<size>
		<width>1600</width>
		<height>1200</height>
		<depth>3</depth>
	</size>
	<segmented>0</segmented>
	<object>
		<name>bianca</name>
		<pose>Unspecified</pose>
		<truncated>0</truncated>
		<difficult>0</difficult>
		<bndbox>
			<xmin>871</xmin>
			<ymin>307</ymin>
			<xmax>1050</xmax>
			<ymax>464</ymax>
		</bndbox>
	</object>
<folder>images</folder>
	<filename>maksssksksss113.jpg</filename>
	</annotation>