<annotation>
	<folder>images</folder>
	<filename>maksssksksss190.jpg</filename>
	<path>C:\Users\lucas\Desktop\dataset 2.0\new21.jpg</path>
	<source>
		<database>Unknown</database>
	</source>
	<size>
		<width>1600</width>
		<height>1200</height>
		<depth>3</depth>
	</size>
	<segmented>0</segmented>
	<object>
		<name>nera</name>
		<pose>Unspecified</pose>
		<truncated>0</truncated>
		<difficult>0</difficult>
		<bndbox>
			<xmin>879</xmin>
			<ymin>159</ymin>
			<xmax>1006</xmax>
			<ymax>284</ymax>
		</bndbox>
	</object>
	<object>
		<name>nera</name>
		<pose>Unspecified</pose>
		<truncated>1</truncated>
		<difficult>0</difficult>
		<bndbox>
			<xmin>1555</xmin>
			<ymin>289</ymin>
			<xmax>1600</xmax>
			<ymax>484</ymax>
		</bndbox>
	</object>
	<object>
		<name>bianca</name>
		<pose>Unspecified</pose>
		<truncated>0</truncated>
		<difficult>0</difficult>
		<bndbox>
			<xmin>1448</xmin>
			<ymin>196</ymin>
			<xmax>1522</xmax>
			<ymax>267</ymax>
		</bndbox>
	</object>
<folder>images</folder>
	<filename>maksssksksss190.jpg</filename>
	</annotation>