<annotation>
	<folder>images</folder>
	<filename>maksssksksss144.jpg</filename>
	<path>C:\Users\lucas\Desktop\dataset 2.0\new12.jpg</path>
	<source>
		<database>Unknown</database>
	</source>
	<size>
		<width>1600</width>
		<height>1200</height>
		<depth>3</depth>
	</size>
	<segmented>0</segmented>
	<object>
		<name>bianca</name>
		<pose>Unspecified</pose>
		<truncated>0</truncated>
		<difficult>0</difficult>
		<bndbox>
			<xmin>667</xmin>
			<ymin>196</ymin>
			<xmax>972</xmax>
			<ymax>504</ymax>
		</bndbox>
	</object>
	<object>
		<name>bianca</name>
		<pose>Unspecified</pose>
		<truncated>0</truncated>
		<difficult>0</difficult>
		<bndbox>
			<xmin>679</xmin>
			<ymin>139</ymin>
			<xmax>774</xmax>
			<ymax>222</ymax>
		</bndbox>
	</object>
<folder>images</folder>
	<filename>maksssksksss144.jpg</filename>
	</annotation>