<annotation>
	<folder>images</folder>
	<filename>maksssksksss188.jpg</filename>
	<path>C:\Users\lucas\Desktop\dataset 2.0\luceBlu8.jpg</path>
	<source>
		<database>Unknown</database>
	</source>
	<size>
		<width>1600</width>
		<height>1200</height>
		<depth>3</depth>
	</size>
	<segmented>0</segmented>
	<object>
		<name>bianca</name>
		<pose>Unspecified</pose>
		<truncated>0</truncated>
		<difficult>0</difficult>
		<bndbox>
			<xmin>444</xmin>
			<ymin>349</ymin>
			<xmax>647</xmax>
			<ymax>554</ymax>
		</bndbox>
	</object>
	<object>
		<name>bianca</name>
		<pose>Unspecified</pose>
		<truncated>0</truncated>
		<difficult>0</difficult>
		<bndbox>
			<xmin>553</xmin>
			<ymin>325</ymin>
			<xmax>667</xmax>
			<ymax>437</ymax>
		</bndbox>
	</object>
	<object>
		<name>nera</name>
		<pose>Unspecified</pose>
		<truncated>0</truncated>
		<difficult>0</difficult>
		<bndbox>
			<xmin>750</xmin>
			<ymin>319</ymin>
			<xmax>897</xmax>
			<ymax>466</ymax>
		</bndbox>
	</object>
	<object>
		<name>nera</name>
		<pose>Unspecified</pose>
		<truncated>0</truncated>
		<difficult>0</difficult>
		<bndbox>
			<xmin>983</xmin>
			<ymin>322</ymin>
			<xmax>1113</xmax>
			<ymax>459</ymax>
		</bndbox>
	</object>
<folder>images</folder>
	<filename>maksssksksss188.jpg</filename>
	</annotation>