<annotation>
	<folder>images</folder>
	<filename>maksssksksss200.jpg</filename>
	<path>C:\Users\lucas\Desktop\dataset 2.0\stanzaBianca16.jpg</path>
	<source>
		<database>Unknown</database>
	</source>
	<size>
		<width>1600</width>
		<height>1200</height>
		<depth>3</depth>
	</size>
	<segmented>0</segmented>
	<object>
		<name>bianca</name>
		<pose>Unspecified</pose>
		<truncated>0</truncated>
		<difficult>0</difficult>
		<bndbox>
			<xmin>1068</xmin>
			<ymin>90</ymin>
			<xmax>1401</xmax>
			<ymax>423</ymax>
		</bndbox>
	</object>
	<object>
		<name>nera</name>
		<pose>Unspecified</pose>
		<truncated>0</truncated>
		<difficult>0</difficult>
		<bndbox>
			<xmin>757</xmin>
			<ymin>42</ymin>
			<xmax>952</xmax>
			<ymax>237</ymax>
		</bndbox>
	</object>
	<object>
		<name>nera</name>
		<pose>Unspecified</pose>
		<truncated>0</truncated>
		<difficult>0</difficult>
		<bndbox>
			<xmin>710</xmin>
			<ymin>31</ymin>
			<xmax>839</xmax>
			<ymax>160</ymax>
		</bndbox>
	</object>
	<object>
		<name>bianca</name>
		<pose>Unspecified</pose>
		<truncated>0</truncated>
		<difficult>0</difficult>
		<bndbox>
			<xmin>293</xmin>
			<ymin>102</ymin>
			<xmax>583</xmax>
			<ymax>392</ymax>
		</bndbox>
	</object>
<folder>images</folder>
	<filename>maksssksksss200.jpg</filename>
	</annotation>