<annotation>
	<folder>images</folder>
	<filename>maksssksksss158.jpg</filename>
	<path>C:\Users\lucas\Desktop\dataset 2.0\stanzaTrazparenteStuzzicadenti16.jpg</path>
	<source>
		<database>Unknown</database>
	</source>
	<size>
		<width>1600</width>
		<height>1200</height>
		<depth>3</depth>
	</size>
	<segmented>0</segmented>
	<object>
		<name>bianca</name>
		<pose>Unspecified</pose>
		<truncated>0</truncated>
		<difficult>0</difficult>
		<bndbox>
			<xmin>946</xmin>
			<ymin>287</ymin>
			<xmax>1027</xmax>
			<ymax>368</ymax>
		</bndbox>
	</object>
	<object>
		<name>nera</name>
		<pose>Unspecified</pose>
		<truncated>0</truncated>
		<difficult>1</difficult>
		<bndbox>
			<xmin>1253</xmin>
			<ymin>292</ymin>
			<xmax>1319</xmax>
			<ymax>352</ymax>
		</bndbox>
	</object>
<folder>images</folder>
	<filename>maksssksksss158.jpg</filename>
	</annotation>