<annotation>
	<folder>images</folder>
	<filename>maksssksksss179.jpg</filename>
	<path>C:\Users\lucas\Desktop\dataset 2.0\luceBlu3.jpg</path>
	<source>
		<database>Unknown</database>
	</source>
	<size>
		<width>1600</width>
		<height>1200</height>
		<depth>3</depth>
	</size>
	<segmented>0</segmented>
	<object>
		<name>nera</name>
		<pose>Unspecified</pose>
		<truncated>0</truncated>
		<difficult>0</difficult>
		<bndbox>
			<xmin>266</xmin>
			<ymin>383</ymin>
			<xmax>470</xmax>
			<ymax>597</ymax>
		</bndbox>
	</object>
	<object>
		<name>nera</name>
		<pose>Unspecified</pose>
		<truncated>0</truncated>
		<difficult>0</difficult>
		<bndbox>
			<xmin>725</xmin>
			<ymin>318</ymin>
			<xmax>880</xmax>
			<ymax>477</ymax>
		</bndbox>
	</object>
	<object>
		<name>bianca</name>
		<pose>Unspecified</pose>
		<truncated>0</truncated>
		<difficult>0</difficult>
		<bndbox>
			<xmin>1151</xmin>
			<ymin>328</ymin>
			<xmax>1367</xmax>
			<ymax>536</ymax>
		</bndbox>
	</object>
	<object>
		<name>bianca</name>
		<pose>Unspecified</pose>
		<truncated>1</truncated>
		<difficult>0</difficult>
		<bndbox>
			<xmin>1547</xmin>
			<ymin>367</ymin>
			<xmax>1600</xmax>
			<ymax>505</ymax>
		</bndbox>
	</object>
<folder>images</folder>
	<filename>maksssksksss179.jpg</filename>
	</annotation>