<annotation>
	<folder>images</folder>
	<filename>maksssksksss261.jpg</filename>
	<path>C:\Users\lucas\Desktop\dataset 2.0\new49.jpg</path>
	<source>
		<database>Unknown</database>
	</source>
	<size>
		<width>1600</width>
		<height>1200</height>
		<depth>3</depth>
	</size>
	<segmented>0</segmented>
	<object>
		<name>bianca</name>
		<pose>Unspecified</pose>
		<truncated>0</truncated>
		<difficult>0</difficult>
		<bndbox>
			<xmin>61</xmin>
			<ymin>303</ymin>
			<xmax>231</xmax>
			<ymax>499</ymax>
		</bndbox>
	</object>
	<object>
		<name>nera</name>
		<pose>Unspecified</pose>
		<truncated>0</truncated>
		<difficult>0</difficult>
		<bndbox>
			<xmin>581</xmin>
			<ymin>190</ymin>
			<xmax>865</xmax>
			<ymax>481</ymax>
		</bndbox>
	</object>
	<object>
		<name>nera</name>
		<pose>Unspecified</pose>
		<truncated>0</truncated>
		<difficult>0</difficult>
		<bndbox>
			<xmin>1343</xmin>
			<ymin>213</ymin>
			<xmax>1517</xmax>
			<ymax>396</ymax>
		</bndbox>
	</object>
<folder>images</folder>
	<filename>maksssksksss261.jpg</filename>
	</annotation>