<annotation>
	<folder>images</folder>
	<filename>maksssksksss207.jpg</filename>
	<path>C:\Users\lucas\Desktop\dataset 2.0\stanzaTrazparenteStuzzicadenti7.jpg</path>
	<source>
		<database>Unknown</database>
	</source>
	<size>
		<width>1600</width>
		<height>1200</height>
		<depth>3</depth>
	</size>
	<segmented>0</segmented>
	<object>
		<name>bianca</name>
		<pose>Unspecified</pose>
		<truncated>0</truncated>
		<difficult>0</difficult>
		<bndbox>
			<xmin>344</xmin>
			<ymin>355</ymin>
			<xmax>459</xmax>
			<ymax>484</ymax>
		</bndbox>
	</object>
	<object>
		<name>nera</name>
		<pose>Unspecified</pose>
		<truncated>0</truncated>
		<difficult>1</difficult>
		<bndbox>
			<xmin>1000</xmin>
			<ymin>334</ymin>
			<xmax>1130</xmax>
			<ymax>461</ymax>
		</bndbox>
	</object>
	<object>
		<name>nera</name>
		<pose>Unspecified</pose>
		<truncated>0</truncated>
		<difficult>0</difficult>
		<bndbox>
			<xmin>1305</xmin>
			<ymin>336</ymin>
			<xmax>1462</xmax>
			<ymax>520</ymax>
		</bndbox>
	</object>
<folder>images</folder>
	<filename>maksssksksss207.jpg</filename>
	</annotation>