<annotation>
	<folder>images</folder>
	<filename>maksssksksss115.jpg</filename>
	<path>C:\Users\lucas\Desktop\dataset 2.0\stanzaBiancaOmbre13.jpg</path>
	<source>
		<database>Unknown</database>
	</source>
	<size>
		<width>1600</width>
		<height>1200</height>
		<depth>3</depth>
	</size>
	<segmented>0</segmented>
	<object>
		<name>nera</name>
		<pose>Unspecified</pose>
		<truncated>0</truncated>
		<difficult>0</difficult>
		<bndbox>
			<xmin>511</xmin>
			<ymin>312</ymin>
			<xmax>681</xmax>
			<ymax>482</ymax>
		</bndbox>
	</object>
	<object>
		<name>bianca</name>
		<pose>Unspecified</pose>
		<truncated>0</truncated>
		<difficult>0</difficult>
		<bndbox>
			<xmin>126</xmin>
			<ymin>389</ymin>
			<xmax>438</xmax>
			<ymax>701</ymax>
		</bndbox>
	</object>
	<object>
		<name>bianca</name>
		<pose>Unspecified</pose>
		<truncated>1</truncated>
		<difficult>1</difficult>
		<bndbox>
			<xmin>1461</xmin>
			<ymin>388</ymin>
			<xmax>1600</xmax>
			<ymax>680</ymax>
		</bndbox>
	</object>
<folder>images</folder>
	<filename>maksssksksss115.jpg</filename>
	</annotation>