<annotation>
	<folder>images</folder>
	<filename>maksssksksss141.jpg</filename>
	<path>C:\Users\lucas\Desktop\dataset 2.0\stanzaBianca3.jpg</path>
	<source>
		<database>Unknown</database>
	</source>
	<size>
		<width>1600</width>
		<height>1200</height>
		<depth>3</depth>
	</size>
	<segmented>0</segmented>
	<object>
		<name>nera</name>
		<pose>Unspecified</pose>
		<truncated>0</truncated>
		<difficult>0</difficult>
		<bndbox>
			<xmin>52</xmin>
			<ymin>198</ymin>
			<xmax>271</xmax>
			<ymax>446</ymax>
		</bndbox>
	</object>
	<object>
		<name>nera</name>
		<pose>Unspecified</pose>
		<truncated>0</truncated>
		<difficult>0</difficult>
		<bndbox>
			<xmin>780</xmin>
			<ymin>43</ymin>
			<xmax>960</xmax>
			<ymax>219</ymax>
		</bndbox>
	</object>
	<object>
		<name>bianca</name>
		<pose>Unspecified</pose>
		<truncated>0</truncated>
		<difficult>0</difficult>
		<bndbox>
			<xmin>433</xmin>
			<ymin>61</ymin>
			<xmax>621</xmax>
			<ymax>254</ymax>
		</bndbox>
	</object>
	<object>
		<name>bianca</name>
		<pose>Unspecified</pose>
		<truncated>0</truncated>
		<difficult>0</difficult>
		<bndbox>
			<xmin>1250</xmin>
			<ymin>87</ymin>
			<xmax>1458</xmax>
			<ymax>306</ymax>
		</bndbox>
	</object>
<folder>images</folder>
	<filename>maksssksksss141.jpg</filename>
	</annotation>