<annotation>
	<folder>images</folder>
	<filename>maksssksksss151.jpg</filename>
	<path>C:\Users\lucas\Desktop\dataset 2.0\new11.jpg</path>
	<source>
		<database>Unknown</database>
	</source>
	<size>
		<width>1600</width>
		<height>1200</height>
		<depth>3</depth>
	</size>
	<segmented>0</segmented>
	<object>
		<name>nera</name>
		<pose>Unspecified</pose>
		<truncated>0</truncated>
		<difficult>0</difficult>
		<bndbox>
			<xmin>444</xmin>
			<ymin>189</ymin>
			<xmax>615</xmax>
			<ymax>345</ymax>
		</bndbox>
	</object>
	<object>
		<name>bianca</name>
		<pose>Unspecified</pose>
		<truncated>0</truncated>
		<difficult>0</difficult>
		<bndbox>
			<xmin>945</xmin>
			<ymin>136</ymin>
			<xmax>1080</xmax>
			<ymax>263</ymax>
		</bndbox>
	</object>
<folder>images</folder>
	<filename>maksssksksss151.jpg</filename>
	</annotation>