<annotation>
	<folder>dataset 2.0</folder>
	<filename>new17.jpg</filename>
	<path>C:\Users\lucas\Desktop\dataset 2.0\new17.jpg</path>
	<source>
		<database>Unknown</database>
	</source>
	<size>
		<width>1600</width>
		<height>1200</height>
		<depth>3</depth>
	</size>
	<segmented>0</segmented>
	<object>
		<name>bianca</name>
		<pose>Unspecified</pose>
		<truncated>0</truncated>
		<difficult>0</difficult>
		<bndbox>
			<xmin>511</xmin>
			<ymin>187</ymin>
			<xmax>806</xmax>
			<ymax>497</ymax>
		</bndbox>
	</object>
	<object>
		<name>bianca</name>
		<pose>Unspecified</pose>
		<truncated>1</truncated>
		<difficult>0</difficult>
		<bndbox>
			<xmin>1468</xmin>
			<ymin>238</ymin>
			<xmax>1600</xmax>
			<ymax>447</ymax>
		</bndbox>
	</object>
</annotation>
