<annotation>
	<folder>dataset 2.0</folder>
	<filename>new103.jpg</filename>
	<path>C:\Users\lucas\Desktop\dataset 2.0\new103.jpg</path>
	<source>
		<database>Unknown</database>
	</source>
	<size>
		<width>1600</width>
		<height>1200</height>
		<depth>3</depth>
	</size>
	<segmented>0</segmented>
	<object>
		<name>bianca</name>
		<pose>Unspecified</pose>
		<truncated>0</truncated>
		<difficult>0</difficult>
		<bndbox>
			<xmin>808</xmin>
			<ymin>161</ymin>
			<xmax>996</xmax>
			<ymax>354</ymax>
		</bndbox>
	</object>
	<object>
		<name>nera</name>
		<pose>Unspecified</pose>
		<truncated>0</truncated>
		<difficult>0</difficult>
		<bndbox>
			<xmin>407</xmin>
			<ymin>214</ymin>
			<xmax>594</xmax>
			<ymax>416</ymax>
		</bndbox>
	</object>
</annotation>
