<annotation>
	<folder>dataset 2.0</folder>
	<filename>new50.jpg</filename>
	<path>C:\Users\lucas\Desktop\dataset 2.0\new50.jpg</path>
	<source>
		<database>Unknown</database>
	</source>
	<size>
		<width>1600</width>
		<height>1200</height>
		<depth>3</depth>
	</size>
	<segmented>0</segmented>
	<object>
		<name>nera</name>
		<pose>Unspecified</pose>
		<truncated>0</truncated>
		<difficult>0</difficult>
		<bndbox>
			<xmin>458</xmin>
			<ymin>207</ymin>
			<xmax>659</xmax>
			<ymax>417</ymax>
		</bndbox>
	</object>
	<object>
		<name>bianca</name>
		<pose>Unspecified</pose>
		<truncated>0</truncated>
		<difficult>0</difficult>
		<bndbox>
			<xmin>1250</xmin>
			<ymin>243</ymin>
			<xmax>1560</xmax>
			<ymax>574</ymax>
		</bndbox>
	</object>
</annotation>
