<annotation>
	<folder>dataset 2.0</folder>
	<filename>stanzaTrazparenteStuzzicadenti58.jpg</filename>
	<path>C:\Users\lucas\Desktop\dataset 2.0\stanzaTrazparenteStuzzicadenti58.jpg</path>
	<source>
		<database>Unknown</database>
	</source>
	<size>
		<width>1600</width>
		<height>1200</height>
		<depth>3</depth>
	</size>
	<segmented>0</segmented>
	<object>
		<name>bianca</name>
		<pose>Unspecified</pose>
		<truncated>0</truncated>
		<difficult>0</difficult>
		<bndbox>
			<xmin>493</xmin>
			<ymin>326</ymin>
			<xmax>601</xmax>
			<ymax>446</ymax>
		</bndbox>
	</object>
	<object>
		<name>nera</name>
		<pose>Unspecified</pose>
		<truncated>0</truncated>
		<difficult>0</difficult>
		<bndbox>
			<xmin>799</xmin>
			<ymin>311</ymin>
			<xmax>930</xmax>
			<ymax>444</ymax>
		</bndbox>
	</object>
	<object>
		<name>bianca</name>
		<pose>Unspecified</pose>
		<truncated>0</truncated>
		<difficult>0</difficult>
		<bndbox>
			<xmin>1278</xmin>
			<ymin>310</ymin>
			<xmax>1373</xmax>
			<ymax>416</ymax>
		</bndbox>
	</object>
</annotation>
