<annotation>
	<folder>dataset 2.0</folder>
	<filename>stanzaBianca13.jpg</filename>
	<path>C:\Users\lucas\Desktop\dataset 2.0\stanzaBianca13.jpg</path>
	<source>
		<database>Unknown</database>
	</source>
	<size>
		<width>1600</width>
		<height>1200</height>
		<depth>3</depth>
	</size>
	<segmented>0</segmented>
	<object>
		<name>nera</name>
		<pose>Unspecified</pose>
		<truncated>0</truncated>
		<difficult>0</difficult>
		<bndbox>
			<xmin>1222</xmin>
			<ymin>66</ymin>
			<xmax>1367</xmax>
			<ymax>207</ymax>
		</bndbox>
	</object>
	<object>
		<name>nera</name>
		<pose>Unspecified</pose>
		<truncated>0</truncated>
		<difficult>0</difficult>
		<bndbox>
			<xmin>691</xmin>
			<ymin>26</ymin>
			<xmax>828</xmax>
			<ymax>157</ymax>
		</bndbox>
	</object>
	<object>
		<name>bianca</name>
		<pose>Unspecified</pose>
		<truncated>0</truncated>
		<difficult>1</difficult>
		<bndbox>
			<xmin>895</xmin>
			<ymin>22</ymin>
			<xmax>1009</xmax>
			<ymax>128</ymax>
		</bndbox>
	</object>
	<object>
		<name>bianca</name>
		<pose>Unspecified</pose>
		<truncated>0</truncated>
		<difficult>0</difficult>
		<bndbox>
			<xmin>216</xmin>
			<ymin>119</ymin>
			<xmax>490</xmax>
			<ymax>409</ymax>
		</bndbox>
	</object>
</annotation>
