<annotation>
	<folder>dataset 2.0</folder>
	<filename>stanzaBianca5.jpg</filename>
	<path>C:\Users\lucas\Desktop\dataset 2.0\stanzaBianca5.jpg</path>
	<source>
		<database>Unknown</database>
	</source>
	<size>
		<width>1600</width>
		<height>1200</height>
		<depth>3</depth>
	</size>
	<segmented>0</segmented>
	<object>
		<name>bianca</name>
		<pose>Unspecified</pose>
		<truncated>0</truncated>
		<difficult>0</difficult>
		<bndbox>
			<xmin>995</xmin>
			<ymin>85</ymin>
			<xmax>1320</xmax>
			<ymax>419</ymax>
		</bndbox>
	</object>
	<object>
		<name>bianca</name>
		<pose>Unspecified</pose>
		<truncated>0</truncated>
		<difficult>0</difficult>
		<bndbox>
			<xmin>1142</xmin>
			<ymin>52</ymin>
			<xmax>1296</xmax>
			<ymax>186</ymax>
		</bndbox>
	</object>
	<object>
		<name>nera</name>
		<pose>Unspecified</pose>
		<truncated>0</truncated>
		<difficult>0</difficult>
		<bndbox>
			<xmin>734</xmin>
			<ymin>29</ymin>
			<xmax>876</xmax>
			<ymax>162</ymax>
		</bndbox>
	</object>
	<object>
		<name>nera</name>
		<pose>Unspecified</pose>
		<truncated>0</truncated>
		<difficult>1</difficult>
		<bndbox>
			<xmin>528</xmin>
			<ymin>39</ymin>
			<xmax>611</xmax>
			<ymax>119</ymax>
		</bndbox>
	</object>
</annotation>
